Debug file SCPDEBUG.txt <SCPDEBUGc.txt> <SCPDEBUG.TXT> opened Mon Sep 28 20:44:36 2026
Begin - SCP Driver DLL (64-bit) version 4.7.1.43
03076.180 WSAStartup ok
03076.182 RNG_X931A24 Initialized
03076.182 1, enCcSystem: 011 1 1024 0 0 1
03076.230 1, enCcCreateChannel: 0012 1 7 3333 0 3000 0 "" 0
03076.319 listen(lsock) created socket=3380 on port 3333
03076.319 Listen Successful, port: 3333
03076.724  tcpIpAccept() lsock = 3380, sSock = 3392
03076.724 Connection accepted from [::ffff:192.168.0.100]:39008
03076.724 Found available channel object, Chnl-1
03076.724 Incoming socket connection assigned to Chnl-1 (highest available)
03076.724 Incoming socket connection attached to Channel 1, attaching temp SCP (state: 1, TLS State: 0)
03076.724 Chnl-1, SCP--1.0 (1/0), (0) tx: 6B 00 0C 00 00 01 02 00 00 00
03076.785 TempScp Rxd:  6B 80 58 00 30 81 03 00 4C 00 04 1B 02 07 35 92 0F 00 00 00 00 01 00 E5 48 00 44 6F BA 6A A0 86 01 00 00 00 00 00 00 00 00 00 00 00 01 00 00 00 00 00
03076.785 Caller's response: Reply 81-03, spc_ln 0x00, rec_ln: 0x4C, struct: 0x4C
03076.785 Attached incoming Scp-1 as Primary
03076.785 Buf Sizing: Baud Sw = 00, CommMode = 7, ScpRev = 20070 (27.2.7.0.0436), MinVer = 30031, max_txdb = 2952
03076.785 Chnl-1, SCP-1.0 (32/0), (0) rx: 6B 80 58 00 30 81 03 00 4C 00
03076.785 > 04 1B 02 07 35 92 0F 00 00 00 00 01 00 E5 48 00 44 6F BA 6A A0 86 01 00 00 00 00 00 00 00 00 00 00 00 01
03076.787 . 00 00 00 00 00 00 00 00 00 00 00 00 00 00 00 00 00 00 00 00 01 00 BA 9F 7C 9E 18 00 00 00 00 B4 01 00 00
03076.787 . 6D 01 32 00 00 00
03076.787 Chnl-1, SCP-1.0 (32/0), (0) tx: 6B 00 15 00 01 01 01 00 09 00
03076.787 > B0 0B 22 05 20 03 98 3A 00
03076.787 Reporting CommCoS:  Channel-1, SCP-1.0, Status = 2(1), Error = 0(0.6/6.6), Prim=3(1), Alt=0(0)
03076.834 8103 id report, SCP-1, Device=4.27, FW=2.70.436, SN=1020469, OEM=1, MAC=00:18:9E:7C:9F:BA, ram=4777216(16777216), cards=0(100000), DipCur=0, DipPwr=0, ID=1, Inputs=0,0,0, Hardware Components = 50
03076.913 Chnl-1, SCP-1.0 (32/0), (0) rx: 6B 80 35 00 22 81 06 04 25 00 A0 01 00 00
03076.913 > E1 6E BA 6A 00 00 00 01 05 0B 00 FF 6E BA 6A 00 00 00 01 02 0D 01 00 01 44 6F BA 6A 00 00 00 01 03 0D 00
03076.913 . 01 00
03076.913 Chnl-1, SCP-1.0 (32/0), (0) tx: 6B 00 10 00 03 02 01 00 04 00
03076.913 > FF FF FF FF
03076.913 Sep 28 13:42:57 SCP-1:416 SCP DIAGNOSTICS-0, 1:5 error code = 0, Autosave complete (config)
03077.006 Sep 28 13:43:27 SCP-1:417 SCP DIAGNOSTICS-0, 1:2 error code = 1, primary: 0(1), alternate: 0(0)
03077.091 Sep 28 13:44:36 SCP-1:418 SCP DIAGNOSTICS-0, 1:3 error code = 0, primary: 1(0), alternate: 0(0)
03080.737 1(3), enCcScpScp: 1107 0 1 0 0 0 0 3 60000 33 615 388 64 32000 1024 1024 -25200 0 255 255 128 -5536 0 0 1 0 0
03080.741 Chnl-1, SCP-1.0 (32/0), (1) tx: 6B 00 52 00 03 02 02 00 05 00
03080.741 > 01 18 00 00 00
03080.741 > 02 60 EA 00 00
03080.741 > 03 FC 03 00 00
03080.741 > 04 FF 00 00 00
03080.741 > 05 FF 00 00 00
03080.741 > 06 03 00 00 00
03080.741 > 07 21 00 00 00
03080.741 > 08 67 02 00 00
03080.741 > 09 84 01 00 00
03080.741 > 0A 40 00 00 00
03080.741 > 0C 00 7D 00 00
03080.741 > 0D 00 04 00 00
03080.741 > 0E 00 04 00 00
03080.741 > 10 01 00 00 00
03080.800 Chnl-1, SCP-1.0 (32/0), (2) tx: 6B 00 10 00 01 02 09 00 04 00
03080.800 > 80 00 80 00
03080.800 Command Status: Scp-1.0, (tag-1-ok)
03080.807 Chnl-1, SCP-1.0 (32/0), (3) tx: 6B 00 10 00 02 02 0A 00 04 00
03080.807 > 60 EA FF FF
03080.807 Command Status: Scp-1.0, (tag-2-ok)
03080.870 Command Status: Scp-1.0, (tag-3-ok)
03080.980 1(4), enCcWebConfigRead: 0900 1 2
03080.991 Chnl-1, SCP-1.0 (32/0), (4) tx: 6B 00 0C 00 01 09 27 00 00 00
03081.006 1(5), enCcWebConfigRead: 0900 1 3
03081.163 Chnl-1, SCP-1.0 (32/0), (4) rx: 6B 80 79 01 21 81 0C 00 6D 01
03081.163 > 02 00 64 00 A8 C0 00 00 FF FF 01 00 A8 C0 4D 41 43 30 30 31 38 39 45 37 43 39 46 42 41 00 00 00 00 00 00
03081.163 . 00 00 00 00 00 00 00 00 00 00 00 00 00 00 00 00 00 00 00 00 00 00 00 00 00 00 00 00 00 00 00 00 00 00 00
03081.163 . 00 00 00 00 00 00 00 00 02 00 01 00 A8 C0 00 00 00 00 00 00 00 00 00 00 00 00 00 00 00 00 00 00 00 00 00
03081.163 . 00 00 00 00 00 00 00 00 00 00 00 00 00 00 00 00 00 00 00 00 00 00 00 00 00 00 00 00 00 00 00 00 00 00 00
03081.163 . 00 00 00 00 00 00 00 00 00 00 00 00 00 00 00 00 00 00 00 00 00 00 00 00 00 00 00 00 00 00 00 00 00 00 00
03081.163 . 00 00 00 00 00 00 00 00 00 00 00 00 00 00 00 00 00 00 00 00 00 00 00 00 00 00 00 00 00 00 00 00 00 00 00
03081.163 . 00 00 00 00 00 00 00 00 00 00 00 00 00 00 00 00 00 00 00 00 00 00 00 00 00 00 00 00 00 00 00 00 00 00 00
03081.163 . 00 00 00 00 00 00 00 00 00 00 00 00 00 00 00 00 00 00 00 00 00 00 00 00 00 00 00 00 00 00 00 00 00 00 00
03081.163 . 00 00 00 00 00 00 00 00 00 00 00 00 00 00 00 00 00 00 00 00 00 00 00 00 00 00 00 00 00 00 00 00 00 00 00
03081.163 . 00 00 00 00 00 00 00 00 00 00 00 00 00 00 00 00 00 00 00 00 00 00 00 00 00 00 00 00 00 00 00 00 00 00 00
03081.163 . 00 00 00 00 00 00 00 00 00 00 00 00 00 00 00
03081.163 Chnl-1, SCP-1.0 (32/0), (5) tx: 6B 00 0C 00 02 09 28 00 00 00
03081.164 Command Status: Scp-1.0, (tag-4-ok)
03081.164 WebConfigNetwork: SCP-1, Method = 2, IP Address: 192.168.0.100, Subnet Mask: 255.255.0.0, Default Gateway: 192.168.0.1, HostName: "MAC00189E7C9FBA", DNSType: 2, DNS: 192.168.0.1, DNS Suffix: ""
WebConfigNetwork: SCP-1, Method2 = 0, IP Address2: 0.0.0.0, Subnet Mask2: 0.0.0.0, Default Gateway2: 0.0.0.0, Tunnel Enable: 0, Tunnel IP: 0.0.0.0, Tunnel Port: 0
03081.169 Chnl-1, SCP-1.0 (32/0), (5) rx: 6B 80 1C 01 22 81 0D 00 10 01
03081.169 > 00 00 00 00 02 00 C7 00 A8 C0 05 0D 05 00 00 00 00 00 00 00 00 00 00 00 00 00 00 00 00 00 00 00 00 00 00
03081.169 . 00 00 00 00 00 00 00 00 00 00 00 00 00 00 00 00 00 00 00 00 00 00 00 00 00 00 00 00 00 00 00 00 00 00 00
03081.169 . 00 00 00 00 00 00 00 00 00 00 00 00 00 00 00 00 00 00 00 00 00 00 00 00 00 00 00 00 00 00 00 00 00 00 00
03081.169 . 00 00 00 00 00 00 00 00 00 00 00 00 00 00 00 00 00 00 00 00 00 00 00 00 00 00 00 00 00 00 00 00 00 00 00
03081.169 . 00 00 00 00 00 00 00 00 00 00 00 00 00 00 00 00 00 00 00 00 00 00 00 00 00 00 00 00 00 00 00 00 00 00 00
03081.169 . 00 00 00 00 00 00 00 00 00 00 00 00 00 00 00 00 00 00 00 00 00 00 00 00 00 00 00 00 00 00 00 00 00 00 00
03081.169 . 00 00 00 00 00 00 00 00 00 00 00 00 00 00 00 00 00 00 00 00 00 00 00 00 00 00 00 00 00 00 00 00 00 00 00
03081.169 . 00 00 00 00 00 00 00 00 00 00 00 00 00 00 00 00 00 00 00 00 00 00 00 00 00 00 00
03081.169 Command Status: Scp-1.0, (tag-5-ok)
03081.170 WebConfigHostComm: SCP-1, PRIMARY, cType = 2, HostIP: 192.168.0.199, Port: 3333, rqIntvl: 5, connMode: 0, HostName: "", NIC1
04754.460 Shutting down debug Thread...
File closed Mon Sep 28 21:12:34 2026
Debug file SCPDEBUG.txt <SCPDEBUGc.txt> <SCPDEBUG.TXT> opened Mon Sep 28 21:13:10 2026
Begin - SCP Driver DLL (64-bit) version 4.7.1.43
04790.294 WSAStartup ok
04790.301 RNG_X931A24 Initialized
04790.301 1, enCcSystem: 011 1 1024 0 0 1
04790.363 1, enCcCreateChannel: 0012 1 7 3333 0 3000 0 "" 0
04790.440 listen(lsock) created socket=3368 on port 3333
04790.440 Listen Successful, port: 3333
04790.654  tcpIpAccept() lsock = 3368, sSock = 3380
04790.654 Connection accepted from [::ffff:192.168.0.100]:59458
04790.654 Found available channel object, Chnl-1
04790.654 Incoming socket connection assigned to Chnl-1 (highest available)
04790.654 Incoming socket connection attached to Channel 1, attaching temp SCP (state: 1, TLS State: 0)
04790.654 Chnl-1, SCP--1.0 (1/0), (0) tx: 6B 00 0C 00 00 01 02 00 00 00
04790.705 TempScp Rxd:  6B 80 58 00 20 81 03 00 4C 00 04 1B 02 07 35 92 0F 00 00 00 00 01 00 E5 48 00 F6 75 BA 6A A0 86 01 00 00 00 00 00 00 00 00 00 00 00 01 00 00 00 00 00
04790.705 Caller's response: Reply 81-03, spc_ln 0x00, rec_ln: 0x4C, struct: 0x4C
04790.705 Attached incoming Scp-1 as Primary
04790.705 Buf Sizing: Baud Sw = 00, CommMode = 7, ScpRev = 20070 (27.2.7.0.0436), MinVer = 30031, max_txdb = 2952
04790.705 Chnl-1, SCP-1.0 (32/0), (0) rx: 6B 80 58 00 20 81 03 00 4C 00
04790.705 > 04 1B 02 07 35 92 0F 00 00 00 00 01 00 E5 48 00 F6 75 BA 6A A0 86 01 00 00 00 00 00 00 00 00 00 00 00 01
04790.705 . 00 00 00 00 00 00 00 00 00 00 00 00 00 00 00 00 00 00 00 00 01 00 BA 9F 7C 9E 18 00 00 00 00 B4 01 00 00
04790.705 . 6D 01 32 00 00 00
04790.705 Chnl-1, SCP-1.0 (32/0), (0) tx: 6B 00 15 00 01 01 01 00 09 00
04790.705 > B0 0B 22 05 20 03 98 3A 00
04790.705 Reporting CommCoS:  Channel-1, SCP-1.0, Status = 2(1), Error = 0(0.6/6.6), Prim=3(1), Alt=0(0)
04790.720 8103 id report, SCP-1, Device=4.27, FW=2.70.436, SN=1020469, OEM=1, MAC=00:18:9E:7C:9F:BA, ram=4777216(16777216), cards=0(100000), DipCur=0, DipPwr=0, ID=1, Inputs=0,0,0, Hardware Components = 50
04790.780 Chnl-1, SCP-1.0 (32/0), (0) tx: 6B 00 10 00 03 02 01 00 04 00
04790.780 > FF FF FF FF
04792.182 1(3), enCcScpScp: 1107 0 1 0 0 0 0 3 60000 33 615 388 64 32000 1024 1024 -25200 0 255 255 128 -5536 0 0 1 0 0
04792.233 Chnl-1, SCP-1.0 (32/0), (1) tx: 6B 00 52 00 02 02 02 00 05 00
04792.233 > 01 18 00 00 00
04792.233 > 02 60 EA 00 00
04792.233 > 03 FC 03 00 00
04792.233 > 04 FF 00 00 00
04792.233 > 05 FF 00 00 00
04792.233 > 06 03 00 00 00
04792.233 > 07 21 00 00 00
04792.233 > 08 67 02 00 00
04792.233 > 09 84 01 00 00
04792.233 > 0A 40 00 00 00
04792.233 > 0C 00 7D 00 00
04792.233 > 0D 00 04 00 00
04792.233 > 0E 00 04 00 00
04792.233 > 10 01 00 00 00
04792.283 Chnl-1, SCP-1.0 (32/0), (2) tx: 6B 00 10 00 03 02 09 00 04 00
04792.283 > 80 00 80 00
04792.283 Command Status: Scp-1.0, (tag-1-ok)
04792.286 Chnl-1, SCP-1.0 (32/0), (3) tx: 6B 00 10 00 01 02 0A 00 04 00
04792.286 > 60 EA FF FF
04792.286 Command Status: Scp-1.0, (tag-2-ok)
04792.347 Command Status: Scp-1.0, (tag-3-ok)
04792.376 1(4), enCcWebConfigRead: 0900 1 2
04792.384 1(5), enCcWebConfigRead: 0900 1 3
04792.404 Chnl-1, SCP-1.0 (32/0), (4) tx: 6B 00 0C 00 03 09 27 00 00 00
04792.520 Chnl-1, SCP-1.0 (32/0), (4) rx: 6B 80 79 01 23 81 0C 00 6D 01
04792.520 > 02 00 64 00 A8 C0 00 00 FF FF 01 00 A8 C0 4D 41 43 30 30 31 38 39 45 37 43 39 46 42 41 00 00 00 00 00 00
04792.520 . 00 00 00 00 00 00 00 00 00 00 00 00 00 00 00 00 00 00 00 00 00 00 00 00 00 00 00 00 00 00 00 00 00 00 00
04792.520 . 00 00 00 00 00 00 00 00 02 00 01 00 A8 C0 00 00 00 00 00 00 00 00 00 00 00 00 00 00 00 00 00 00 00 00 00
04792.520 . 00 00 00 00 00 00 00 00 00 00 00 00 00 00 00 00 00 00 00 00 00 00 00 00 00 00 00 00 00 00 00 00 00 00 00
04792.520 . 00 00 00 00 00 00 00 00 00 00 00 00 00 00 00 00 00 00 00 00 00 00 00 00 00 00 00 00 00 00 00 00 00 00 00
04792.520 . 00 00 00 00 00 00 00 00 00 00 00 00 00 00 00 00 00 00 00 00 00 00 00 00 00 00 00 00 00 00 00 00 00 00 00
04792.520 . 00 00 00 00 00 00 00 00 00 00 00 00 00 00 00 00 00 00 00 00 00 00 00 00 00 00 00 00 00 00 00 00 00 00 00
04792.520 . 00 00 00 00 00 00 00 00 00 00 00 00 00 00 00 00 00 00 00 00 00 00 00 00 00 00 00 00 00 00 00 00 00 00 00
04792.520 . 00 00 00 00 00 00 00 00 00 00 00 00 00 00 00 00 00 00 00 00 00 00 00 00 00 00 00 00 00 00 00 00 00 00 00
04792.520 . 00 00 00 00 00 00 00 00 00 00 00 00 00 00 00 00 00 00 00 00 00 00 00 00 00 00 00 00 00 00 00 00 00 00 00
04792.520 . 00 00 00 00 00 00 00 00 00 00 00 00 00 00 00
04792.520 Chnl-1, SCP-1.0 (32/0), (5) tx: 6B 00 0C 00 01 09 28 00 00 00
04792.520 Command Status: Scp-1.0, (tag-4-ok)
04792.521 WebConfigNetwork: SCP-1, Method = 2, IP Address: 192.168.0.100, Subnet Mask: 255.255.0.0, Default Gateway: 192.168.0.1, HostName: "MAC00189E7C9FBA", DNSType: 2, DNS: 192.168.0.1, DNS Suffix: ""
WebConfigNetwork: SCP-1, Method2 = 0, IP Address2: 0.0.0.0, Subnet Mask2: 0.0.0.0, Default Gateway2: 0.0.0.0, Tunnel Enable: 0, Tunnel IP: 0.0.0.0, Tunnel Port: 0
04792.526 Chnl-1, SCP-1.0 (32/0), (5) rx: 6B 80 1C 01 21 81 0D 00 10 01
04792.526 > 00 00 00 00 02 00 C7 00 A8 C0 05 0D 05 00 00 00 00 00 00 00 00 00 00 00 00 00 00 00 00 00 00 00 00 00 00
04792.526 . 00 00 00 00 00 00 00 00 00 00 00 00 00 00 00 00 00 00 00 00 00 00 00 00 00 00 00 00 00 00 00 00 00 00 00
04792.526 . 00 00 00 00 00 00 00 00 00 00 00 00 00 00 00 00 00 00 00 00 00 00 00 00 00 00 00 00 00 00 00 00 00 00 00
04792.526 . 00 00 00 00 00 00 00 00 00 00 00 00 00 00 00 00 00 00 00 00 00 00 00 00 00 00 00 00 00 00 00 00 00 00 00
04792.526 . 00 00 00 00 00 00 00 00 00 00 00 00 00 00 00 00 00 00 00 00 00 00 00 00 00 00 00 00 00 00 00 00 00 00 00
04792.526 . 00 00 00 00 00 00 00 00 00 00 00 00 00 00 00 00 00 00 00 00 00 00 00 00 00 00 00 00 00 00 00 00 00 00 00
04792.526 . 00 00 00 00 00 00 00 00 00 00 00 00 00 00 00 00 00 00 00 00 00 00 00 00 00 00 00 00 00 00 00 00 00 00 00
04792.526 . 00 00 00 00 00 00 00 00 00 00 00 00 00 00 00 00 00 00 00 00 00 00 00 00 00 00 00
04792.526 Command Status: Scp-1.0, (tag-5-ok)
04792.527 WebConfigHostComm: SCP-1, PRIMARY, cType = 2, HostIP: 192.168.0.199, Port: 3333, rqIntvl: 5, connMode: 0, HostName: "", NIC1
05284.832 Shutting down debug Thread...
File closed Mon Sep 28 21:21:24 2026
Debug file SCPDEBUG.txt <SCPDEBUGc.txt> <SCPDEBUG.TXT> opened Mon Sep 28 21:23:24 2026
Begin - SCP Driver DLL (64-bit) version 4.7.1.43
05404.611 WSAStartup ok
05404.614 RNG_X931A24 Initialized
05404.614 1, enCcSystem: 011 1 1024 0 0 1
05404.678 1, enCcCreateChannel: 0012 1 7 3333 0 3000 0 "" 0
05404.751 listen(lsock) created socket=3368 on port 3333
05404.751 Listen Successful, port: 3333
05409.980  tcpIpAccept() lsock = 3368, sSock = 3388
05409.980 Connection accepted from [::ffff:192.168.0.100]:56338
05409.980 Found available channel object, Chnl-1
05409.980 Incoming socket connection assigned to Chnl-1 (highest available)
05409.980 Incoming socket connection attached to Channel 1, attaching temp SCP (state: 1, TLS State: 0)
05409.981 Chnl-1, SCP--1.0 (1/0), (0) tx: 6B 00 0C 00 00 01 02 00 00 00
05410.042 TempScp Rxd:  6B 80 58 00 20 81 03 00 4C 00 04 1B 02 07 35 92 0F 00 00 00 00 01 00 E5 48 00 61 78 BA 6A A0 86 01 00 00 00 00 00 00 00 00 00 00 00 01 00 00 00 00 00
05410.042 Caller's response: Reply 81-03, spc_ln 0x00, rec_ln: 0x4C, struct: 0x4C
05410.042 Attached incoming Scp-1 as Primary
05410.042 Buf Sizing: Baud Sw = 00, CommMode = 7, ScpRev = 20070 (27.2.7.0.0436), MinVer = 30031, max_txdb = 2952
05410.042 Chnl-1, SCP-1.0 (32/0), (0) rx: 6B 80 58 00 20 81 03 00 4C 00
05410.042 > 04 1B 02 07 35 92 0F 00 00 00 00 01 00 E5 48 00 61 78 BA 6A A0 86 01 00 00 00 00 00 00 00 00 00 00 00 01
05410.042 . 00 00 00 00 00 00 00 00 00 00 00 00 00 00 00 00 00 00 00 00 01 00 BA 9F 7C 9E 18 00 00 00 00 B4 01 00 00
05410.042 . 6D 01 32 00 00 00
05410.042 Chnl-1, SCP-1.0 (32/0), (0) tx: 6B 00 15 00 01 01 01 00 09 00
05410.042 > B0 0B 22 05 20 03 98 3A 00
05410.042 Reporting CommCoS:  Channel-1, SCP-1.0, Status = 2(1), Error = 0(0.6/6.6), Prim=3(1), Alt=0(0)
05410.067 8103 id report, SCP-1, Device=4.27, FW=2.70.436, SN=1020469, OEM=1, MAC=00:18:9E:7C:9F:BA, ram=4777216(16777216), cards=0(100000), DipCur=0, DipPwr=0, ID=1, Inputs=0,0,0, Hardware Components = 50
05410.142 Chnl-1, SCP-1.0 (32/0), (0) tx: 6B 00 10 00 03 02 01 00 04 00
05410.142 > FF FF FF FF
05412.024 1(3), enCcScpScp: 1107 0 1 0 0 0 0 3 60000 33 615 388 64 32000 1024 1024 -25200 0 255 255 128 -5536 0 0 1 0 0
05412.047 Chnl-1, SCP-1.0 (32/0), (1) tx: 6B 00 52 00 02 02 02 00 05 00
05412.047 > 01 18 00 00 00
05412.047 > 02 60 EA 00 00
05412.047 > 03 FC 03 00 00
05412.047 > 04 FF 00 00 00
05412.047 > 05 FF 00 00 00
05412.047 > 06 03 00 00 00
05412.047 > 07 21 00 00 00
05412.047 > 08 67 02 00 00
05412.047 > 09 84 01 00 00
05412.047 > 0A 40 00 00 00
05412.047 > 0C 00 7D 00 00
05412.048 > 0D 00 04 00 00
05412.048 > 0E 00 04 00 00
05412.048 > 10 01 00 00 00
05412.104 Chnl-1, SCP-1.0 (32/0), (2) tx: 6B 00 10 00 03 02 09 00 04 00
05412.104 > 80 00 80 00
05412.104 Command Status: Scp-1.0, (tag-1-ok)
05412.164 Chnl-1, SCP-1.0 (32/0), (3) tx: 6B 00 10 00 01 02 0A 00 04 00
05412.164 > 60 EA FF FF
05412.164 Command Status: Scp-1.0, (tag-2-ok)
05412.194 1(4), enCcWebConfigRead: 0900 1 2
05412.204 1(5), enCcWebConfigRead: 0900 1 3
05412.224 Chnl-1, SCP-1.0 (32/0), (4) tx: 6B 00 0C 00 02 09 27 00 00 00
05412.224 Command Status: Scp-1.0, (tag-3-ok)
05412.340 Chnl-1, SCP-1.0 (32/0), (4) rx: 6B 80 79 01 22 81 0C 00 6D 01
05412.340 > 02 00 64 00 A8 C0 00 00 FF FF 01 00 A8 C0 4D 41 43 30 30 31 38 39 45 37 43 39 46 42 41 00 00 00 00 00 00
05412.340 . 00 00 00 00 00 00 00 00 00 00 00 00 00 00 00 00 00 00 00 00 00 00 00 00 00 00 00 00 00 00 00 00 00 00 00
05412.340 . 00 00 00 00 00 00 00 00 02 00 01 00 A8 C0 00 00 00 00 00 00 00 00 00 00 00 00 00 00 00 00 00 00 00 00 00
05412.340 . 00 00 00 00 00 00 00 00 00 00 00 00 00 00 00 00 00 00 00 00 00 00 00 00 00 00 00 00 00 00 00 00 00 00 00
05412.340 . 00 00 00 00 00 00 00 00 00 00 00 00 00 00 00 00 00 00 00 00 00 00 00 00 00 00 00 00 00 00 00 00 00 00 00
05412.340 . 00 00 00 00 00 00 00 00 00 00 00 00 00 00 00 00 00 00 00 00 00 00 00 00 00 00 00 00 00 00 00 00 00 00 00
05412.340 . 00 00 00 00 00 00 00 00 00 00 00 00 00 00 00 00 00 00 00 00 00 00 00 00 00 00 00 00 00 00 00 00 00 00 00
05412.340 . 00 00 00 00 00 00 00 00 00 00 00 00 00 00 00 00 00 00 00 00 00 00 00 00 00 00 00 00 00 00 00 00 00 00 00
05412.340 . 00 00 00 00 00 00 00 00 00 00 00 00 00 00 00 00 00 00 00 00 00 00 00 00 00 00 00 00 00 00 00 00 00 00 00
05412.340 . 00 00 00 00 00 00 00 00 00 00 00 00 00 00 00 00 00 00 00 00 00 00 00 00 00 00 00 00 00 00 00 00 00 00 00
05412.340 . 00 00 00 00 00 00 00 00 00 00 00 00 00 00 00
05412.340 Chnl-1, SCP-1.0 (32/0), (5) tx: 6B 00 0C 00 03 09 28 00 00 00
05412.340 Command Status: Scp-1.0, (tag-4-ok)
05412.340 WebConfigNetwork: SCP-1, Method = 2, IP Address: 192.168.0.100, Subnet Mask: 255.255.0.0, Default Gateway: 192.168.0.1, HostName: "MAC00189E7C9FBA", DNSType: 2, DNS: 192.168.0.1, DNS Suffix: ""
WebConfigNetwork: SCP-1, Method2 = 0, IP Address2: 0.0.0.0, Subnet Mask2: 0.0.0.0, Default Gateway2: 0.0.0.0, Tunnel Enable: 0, Tunnel IP: 0.0.0.0, Tunnel Port: 0
05412.340 Chnl-1, SCP-1.0 (32/0), (5) rx: 6B 80 1C 01 23 81 0D 00 10 01
05412.340 > 00 00 00 00 02 00 C7 00 A8 C0 05 0D 05 00 00 00 00 00 00 00 00 00 00 00 00 00 00 00 00 00 00 00 00 00 00
05412.340 . 00 00 00 00 00 00 00 00 00 00 00 00 00 00 00 00 00 00 00 00 00 00 00 00 00 00 00 00 00 00 00 00 00 00 00
05412.340 . 00 00 00 00 00 00 00 00 00 00 00 00 00 00 00 00 00 00 00 00 00 00 00 00 00 00 00 00 00 00 00 00 00 00 00
05412.340 . 00 00 00 00 00 00 00 00 00 00 00 00 00 00 00 00 00 00 00 00 00 00 00 00 00 00 00 00 00 00 00 00 00 00 00
05412.340 . 00 00 00 00 00 00 00 00 00 00 00 00 00 00 00 00 00 00 00 00 00 00 00 00 00 00 00 00 00 00 00 00 00 00 00
05412.340 . 00 00 00 00 00 00 00 00 00 00 00 00 00 00 00 00 00 00 00 00 00 00 00 00 00 00 00 00 00 00 00 00 00 00 00
05412.340 . 00 00 00 00 00 00 00 00 00 00 00 00 00 00 00 00 00 00 00 00 00 00 00 00 00 00 00 00 00 00 00 00 00 00 00
05412.340 . 00 00 00 00 00 00 00 00 00 00 00 00 00 00 00 00 00 00 00 00 00 00 00 00 00 00 00
05412.340 Command Status: Scp-1.0, (tag-5-ok)
05412.340 WebConfigHostComm: SCP-1, PRIMARY, cType = 2, HostIP: 192.168.0.199, Port: 3333, rqIntvl: 5, connMode: 0, HostName: "", NIC1
05433.579 1(7), enCcScpAdbSpec: 1105 0 1 100000 8 9542 1 1 2 2 1 0 0 1 1 64 0 5 0 0 0 0 0 0 0 0 0 0 0 0 0 0 0 0 0 0 0 15 15 0 0 0
05433.594 1(8), enCcElAlvlSpc: 0501 0 1 256 128 0 0 0
05433.607 1(9), enCcTime: 0302 1 0
05433.623 1(10), enCcMsp1: 0108 0 1 0 3 -1 0 0 0
05433.640 Chnl-1, SCP-1.0 (32/0), (6) tx: 6B 00 36 00 03 07 01 00 2A 00
05433.640 > 08 46 00 05 9F 12 40 25 00 00 00 00 00 00 00 00 00 00 00 00 00 00 00 00 00 00 00 00 00 00 00 00 00 00 00
05433.640 . 0F 0F 00 00 00 00 00
05433.640 1(12), enCcSio: 0109 0 1 0 7 4 4 196 0 0 -1 1 0 0 0 0 3 0 -1 -1 -1 0 0 0
05433.656 1(13), enCcTranIndex: 0303 1 -2
05433.673 1(14), enCcStrSRq: 1853 1 24 1 2 3 4 5 6 7 8 9 10 11 12 13 14 15 20 21 22 23 24 26 27 33 35
05433.696 Chnl-1, SCP-1.0 (32/0), (7) tx: 6B 00 11 00 01 02 02 00 05 00
05433.696 > 0B A0 86 01 00
05433.696 Command Status: Scp-1.0, (tag-6-ok)
05433.697 Chnl-1, SCP-1.0 (32/0), (8) tx: 6B 00 14 00 02 02 0B 00 08 00
05433.697 > 00 01 80 00 00 00 00 00
05433.697 Command Status: Scp-1.0, (tag-7-ok)
05433.706 Chnl-1, SCP-1.0 (32/0), (9) tx: 6B 00 15 00 03 01 04 00 09 00
05433.706 > 79 78 BA 6A 90 9D FF FF 00
05433.706 Command Status: Scp-1.0, (tag-8-ok)
05433.762 Chnl-1, SCP-1.0 (32/0), (10) tx: 6B 00 15 00 01 03 01 00 09 00
05433.762 > 03 00 FF FF 5A 00 02 00 00
05433.764 Command Status: Scp-1.0, (tag-9-ok)
05433.765 Chnl-1, SCP-1.0 (32/0), (11) tx: 6B 00 22 00 02 03 02 00 16 00
05433.765 > 00 C4 00 00 00 00 00 FF FF FF FF 07 04 04 FF FF FF 00 00 00 00 00
05433.765 Command Status: Scp-1.0, (tag-10-ok)
05433.825 Chnl-1, SCP-1.0 (32/0), (12) tx: 6B 00 13 00 03 03 03 00 07 00
05433.825 > 00 01 00 00 00 03 00
05433.825 Command Status: Scp-1.0, (tag-11-ok)
05433.861 1(15), enCcTranSrq: 0402 1
05433.883 Chnl-1, SCP-1.0 (32/0), (13) tx: 6B 00 10 00 01 02 01 00 04 00
05433.883 > FE FF FF FF
05433.883 Command Status: Scp-1.0, (tag-12-ok)
05433.941 Command Status: Scp-1.0, (tag-13-ok)
05433.992 Chnl-1, SCP-1.0 (32/0), (0) rx: 6B 80 70 00 22 81 06 04 60 00 A3 01 00 00
05433.992 > D2 75 BA 6A 00 00 00 01 02 0D 01 00 01 F6 75 BA 6A 00 00 00 01 03 0D 00 01 00 E4 77 BA 6A 00 00 00 01 02
05433.992 . 0D 01 00 01 61 78 BA 6A 00 00 00 01 03 0D 00 01 00 79 78 BA 6A 00 00 00 7E 1C 2C 73 74 61 72 74 20 68 6F
05433.992 . 73 74 20 63 6F 6E 66 69 67 20 61 75 74 6F 73 61 76 65 21 20 30 78 30 33 30 33
05433.992 Chnl-1, SCP-1.0 (32/0), (14) tx: 6B 00 2D 00 03 09 23 00 21 00
05433.992 > 18 01 02 03 04 05 06 07 08 09 0A 0B 0C 0D 0E 0F 14 15 16 17 18 1A 1B 21 23 00 00 00 00 00 00 00 00
05433.992 Sep 28 21:12:34 SCP-1:419 SCP DIAGNOSTICS-0, 1:2 error code = 1, primary: 0(1), alternate: 0(0)
05434.049 Sep 28 21:13:10 SCP-1:420 SCP DIAGNOSTICS-0, 1:3 error code = 0, primary: 1(0), alternate: 0(0)
05434.083 Sep 28 21:21:24 SCP-1:421 SCP DIAGNOSTICS-0, 1:2 error code = 1, primary: 0(1), alternate: 0(0)
05434.113 Sep 28 21:23:29 SCP-1:422 SCP DIAGNOSTICS-0, 1:3 error code = 0, primary: 1(0), alternate: 0(0)
05434.114 Sep 28 21:23:53 SCP-1:423 SCP DIAGNOSTICS-0, 126:28 start host config autosave! 0x0303
05434.115 Chnl-1, SCP-1.0 (32/0), (14) rx: 6B 80 2D 01 23 91 23 00 21 01
05434.115 > 18 01 60 EA 00 A6 01 00 1A 00 02 00 01 00 00 01 00 10 00 03 FF 00 00 FF 00 00 04 00 04 28 00 00 28 00 00
05434.115 . 9C 4A 05 21 00 00 21 00 00 30 0B 06 67 02 00 67 02 00 20 00 07 84 01 00 84 01 00 1C 00 08 40 00 00 40 00
05434.115 . 00 20 09 09 00 7D 00 00 7D 00 40 00 0A 00 04 00 00 04 00 28 00 0B 00 04 00 00 04 00 04 00 0C 80 00 00 80
05434.115 . 00 00 04 01 0D 80 00 00 80 00 00 28 00 0E 00 01 00 00 01 00 80 00 0F A0 86 01 00 00 00 78 00 14 07 00 00
05434.115 . 32 0D 00 00 02 15 00 00 00 B4 01 00 09 00 16 00 00 00 03 00 00 05 00 17 00 00 60 A7 CE 2C 00 00 C8 00 00
05434.115 . 00 00 E5 48 01 00 1A 00 01 00 00 01 00 C4 00 1B 00 00 10 00 00 00 00 00 21 0A 00 00 00 00 00 00 00 23 00
05434.115 . 00 00 00 00 00 00 00 00 00 00 00 00 00 00 00 00 00 00 00 00 00 00 00 00 00 00 00 00 00 00 00 00 00 00 00
05434.115 . 00 00 00 00 00 00 00 00 00 00 00 00 00 00 00 00 00 00 00 00 00 00 00 00 00 00 00 00 00 00 00 00 00 00 00
05434.115 . 00 00 00 00 00 00 00 00 00
05434.115 Chnl-1, SCP-1.0 (32/0), (15) tx: 6B 00 0C 00 01 01 06 00 00 00
05434.115 Command Status: Scp-1.0, (tag-14-ok)
05434.115 ConfigRead: 0020 SCP-1, Number of Items Sent: 24
05434.115    StructId-01, nRecords=60000, nRecSize=026, nActive=00422
05434.115    StructId-02, nRecords=00256, nRecSize=016, nActive=00256
05434.115    StructId-03, nRecords=00255, nRecSize=004, nActive=00255
05434.115    StructId-04, nRecords=00040, nRecSize=19100, nActive=00040
05434.115    StructId-05, nRecords=00033, nRecSize=2864, nActive=00033
05434.115    StructId-06, nRecords=00615, nRecSize=032, nActive=00615
05434.115    StructId-07, nRecords=00388, nRecSize=028, nActive=00388
05434.115    StructId-08, nRecords=00064, nRecSize=2336, nActive=00064
05434.115    StructId-09, nRecords=32000, nRecSize=064, nActive=32000
05434.115    StructId-10, nRecords=01024, nRecSize=040, nActive=01024
05434.115    StructId-11, nRecords=01024, nRecSize=004, nActive=01024
05434.115    StructId-12, nRecords=00128, nRecSize=260, nActive=00128
05434.115    StructId-13, nRecords=00128, nRecSize=040, nActive=00128
05434.115    StructId-14, nRecords=00256, nRecSize=128, nActive=00256
05434.115    StructId-15, nRecords=100000, nRecSize=120, nActive=00000
05434.115    StructId-20, nRecords=00007, nRecSize=512, nActive=03378
05434.115    StructId-21, nRecords=00000, nRecSize=009, nActive=00436
05434.115    StructId-22, nRecords=00000, nRecSize=005, nActive=00003
05434.115    StructId-23, nRecords=6291456, nRecSize=000, nActive=2936487
05434.115    StructId-24, nRecords=16777216, nRecSize=000, nActive=4777216
05434.115    StructId-26, nRecords=00256, nRecSize=196, nActive=00256
05434.115    StructId-27, nRecords=1048576, nRecSize=000, nActive=00000
05434.115    StructId-33, nRecords=00010, nRecSize=000, nActive=00000
05434.115    StructId-35, nRecords=00000, nRecSize=000, nActive=00000
05434.119 Chnl-1, SCP-1.0 (32/0), (15) rx: 6B 80 1D 00 21 81 05 00 11 00
05434.119 > 60 EA 00 00 01 00 00 00 A7 01 00 00 A7 01 00 00 00
05434.119 Command Status: Scp-1.0, (tag-15-ok)
05434.309 1(16), enCcMsp1: 0108 0 1 1 1 0 0 0 0
05434.326 1(16), enCcMsp1: 0108 0 1 2 2 0 0 0 0
05434.365 Chnl-1, SCP-1.0 (32/0), (16) tx: 6B 00 1E 00 03 03 01 00 09 00
05434.365 > 01 01 00 00 5A 00 02 00 00
05434.365 > 02 02 00 00 5A 00 02 00 00
05434.426 Command Status: Scp-1.0, (tag-16-ok)
05434.482 1(17), enCcScpTimezoneExAct: 3103 0 1 1 2 0 0 0 ""
05434.543 Chnl-1, SCP-1.0 (32/0), (17) tx: 6B 00 17 00 02 06 1C 00 0B 00
05434.543 > 01 02 00 00 00 00 00 00 00 00 00
05434.582 1(18), enCcScpTimezoneExAct: 3103 0 1 2 0 0 0 0 ""
05434.599 Chnl-1, SCP-1.0 (32/0), (18) tx: 6B 00 17 00 03 06 1C 00 0B 00
05434.599 > 02 00 00 00 00 00 00 00 00 00 00
05434.599 Command Status: Scp-1.0, (tag-17-ok)
05434.659 Command Status: Scp-1.0, (tag-18-ok)
05503.224 Chnl-1, SCP-1.0 (32/0), (0) rx: 6B 80 1B 00 23 81 06 04 0B 00 A8 01 00 00
05503.224 > BE 78 BA 6A 00 00 00 01 05 0B 00
05503.224 Sep 28 21:25:02 SCP-1:424 SCP DIAGNOSTICS-0, 1:5 error code = 0, Autosave complete (config)
05503.682 1(19), enCcTranSrq: 0402 1
05503.698 Chnl-1, SCP-1.0 (32/0), (19) tx: 6B 00 0C 00 02 01 06 00 00 00
05503.758 Chnl-1, SCP-1.0 (32/0), (19) rx: 6B 80 1D 00 22 81 05 00 11 00
05503.758 > 60 EA 00 00 01 00 00 00 A8 01 00 00 A8 01 00 00 00
05503.758 Command Status: Scp-1.0, (tag-19-ok)
05657.768 Shutting down debug Thread...
File closed Mon Sep 28 21:27:37 2026
Debug file SCPDEBUG.txt <SCPDEBUGc.txt> <SCPDEBUG.TXT> opened Mon Sep 28 21:31:09 2026
Begin - SCP Driver DLL (64-bit) version 4.7.1.43
05869.732 WSAStartup ok
05869.736 RNG_X931A24 Initialized
05869.736 1, enCcSystem: 011 1 1024 0 0 1
05869.779 1, enCcCreateChannel: 0012 1 7 3333 0 3000 0 "" 0
05869.924 listen(lsock) created socket=3552 on port 3333
05869.924 Listen Successful, port: 3333
05872.979  tcpIpAccept() lsock = 3552, sSock = 3564
05872.979 Connection accepted from [::ffff:192.168.0.100]:36870
05872.979 Found available channel object, Chnl-1
05872.979 Incoming socket connection assigned to Chnl-1 (highest available)
05872.979 Incoming socket connection attached to Channel 1, attaching temp SCP (state: 1, TLS State: 0)
05872.979 Chnl-1, SCP--1.0 (1/0), (0) tx: 6B 00 0C 00 00 01 02 00 00 00
05873.031 TempScp Rxd:  6B 80 58 00 30 81 03 00 4C 00 04 1B 02 07 35 92 0F 00 00 00 00 01 00 E5 48 00 30 7A BA 6A A0 86 01 00 00 00 00 00 00 00 00 00 00 00 01 00 00 00 00 00
05873.031 Caller's response: Reply 81-03, spc_ln 0x00, rec_ln: 0x4C, struct: 0x4C
05873.031 Attached incoming Scp-1 as Primary
05873.031 Buf Sizing: Baud Sw = 00, CommMode = 7, ScpRev = 20070 (27.2.7.0.0436), MinVer = 30031, max_txdb = 2952
05873.031 Chnl-1, SCP-1.0 (32/0), (0) rx: 6B 80 58 00 30 81 03 00 4C 00
05873.031 > 04 1B 02 07 35 92 0F 00 00 00 00 01 00 E5 48 00 30 7A BA 6A A0 86 01 00 00 00 00 00 00 00 00 00 00 00 01
05873.031 . 00 00 00 00 00 00 00 00 00 00 00 00 00 00 00 00 00 00 00 00 01 00 BA 9F 7C 9E 18 00 00 00 00 B4 01 00 00
05873.031 . 6D 01 32 00 00 00
05873.031 Chnl-1, SCP-1.0 (32/0), (0) tx: 6B 00 15 00 01 01 01 00 09 00
05873.031 > B0 0B 22 05 20 03 98 3A 00
05873.031 Reporting CommCoS:  Channel-1, SCP-1.0, Status = 2(1), Error = 0(0.6/6.6), Prim=3(1), Alt=0(0)
05873.048 8103 id report, SCP-1, Device=4.27, FW=2.70.436, SN=1020469, OEM=1, MAC=00:18:9E:7C:9F:BA, ram=4777216(16777216), cards=0(100000), DipCur=0, DipPwr=0, ID=1, Inputs=0,0,0, Hardware Components = 50
05873.120 Chnl-1, SCP-1.0 (32/0), (0) rx: 6B 80 1D 00 22 81 06 04 0D 00 A9 01 00 00
05873.120 > 59 79 BA 6A 00 00 00 01 02 0D 01 00 01
05873.120 Chnl-1, SCP-1.0 (32/0), (0) tx: 6B 00 10 00 03 02 01 00 04 00
05873.120 > FF FF FF FF
05873.120 Sep 28 14:27:37 SCP-1:425 SCP DIAGNOSTICS-0, 1:2 error code = 1, primary: 0(1), alternate: 0(0)
05874.540 1(3), enCcScpScp: 1107 0 1 0 0 0 0 3 60000 33 615 388 64 32000 1024 1024 -25200 0 255 255 128 -5536 0 0 1 0 0
05874.568 Chnl-1, SCP-1.0 (32/0), (1) tx: 6B 00 52 00 03 02 02 00 05 00
05874.568 > 01 18 00 00 00
05874.568 > 02 60 EA 00 00
05874.568 > 03 FC 03 00 00
05874.568 > 04 FF 00 00 00
05874.568 > 05 FF 00 00 00
05874.568 > 06 03 00 00 00
05874.568 > 07 21 00 00 00
05874.568 > 08 67 02 00 00
05874.568 > 09 84 01 00 00
05874.568 > 0A 40 00 00 00
05874.568 > 0C 00 7D 00 00
05874.568 > 0D 00 04 00 00
05874.568 > 0E 00 04 00 00
05874.568 > 10 01 00 00 00
05874.624 Chnl-1, SCP-1.0 (32/0), (2) tx: 6B 00 10 00 01 02 09 00 04 00
05874.625 > 80 00 80 00
05874.625 Command Status: Scp-1.0, (tag-1-ok)
05874.629 Chnl-1, SCP-1.0 (32/0), (3) tx: 6B 00 10 00 02 02 0A 00 04 00
05874.629 > 60 EA FF FF
05874.629 Command Status: Scp-1.0, (tag-2-ok)
05874.689 Command Status: Scp-1.0, (tag-3-ok)
05874.956 1(4), enCcWebConfigRead: 0900 1 2
05874.973 1(5), enCcWebConfigRead: 0900 1 3
05875.999 Chnl-1, SCP-1.0 (32/0), (4) tx: 6B 00 0C 00 01 09 27 00 00 00
05875.999 1(7), enCcScpAdbSpec: 1105 0 1 100000 8 9542 1 1 2 2 1 0 0 1 1 64 0 5 0 0 0 0 0 0 0 0 0 0 0 0 0 0 0 0 0 0 0 15 15 0 0 0
05875.015 1(8), enCcElAlvlSpc: 0501 0 1 256 128 0 0 0
05875.031 1(9), enCcTime: 0302 1 0
05875.042 1(10), enCcMsp1: 0108 0 1 0 3 -1 0 0 0
05875.098 1(12), enCcSio: 0109 0 1 0 7 4 4 196 0 0 -1 1 0 0 0 0 3 0 -1 -1 -1 0 0 0
05875.100 1(13), enCcTranIndex: 0303 1 -2
05875.116 Chnl-1, SCP-1.0 (32/0), (4) rx: 6B 80 79 01 21 81 0C 00 6D 01
05875.116 > 02 00 64 00 A8 C0 00 00 FF FF 01 00 A8 C0 4D 41 43 30 30 31 38 39 45 37 43 39 46 42 41 00 00 00 00 00 00
05875.116 . 00 00 00 00 00 00 00 00 00 00 00 00 00 00 00 00 00 00 00 00 00 00 00 00 00 00 00 00 00 00 00 00 00 00 00
05875.116 . 00 00 00 00 00 00 00 00 02 00 01 00 A8 C0 00 00 00 00 00 00 00 00 00 00 00 00 00 00 00 00 00 00 00 00 00
05875.116 . 00 00 00 00 00 00 00 00 00 00 00 00 00 00 00 00 00 00 00 00 00 00 00 00 00 00 00 00 00 00 00 00 00 00 00
05875.116 . 00 00 00 00 00 00 00 00 00 00 00 00 00 00 00 00 00 00 00 00 00 00 00 00 00 00 00 00 00 00 00 00 00 00 00
05875.116 . 00 00 00 00 00 00 00 00 00 00 00 00 00 00 00 00 00 00 00 00 00 00 00 00 00 00 00 00 00 00 00 00 00 00 00
05875.116 . 00 00 00 00 00 00 00 00 00 00 00 00 00 00 00 00 00 00 00 00 00 00 00 00 00 00 00 00 00 00 00 00 00 00 00
05875.116 . 00 00 00 00 00 00 00 00 00 00 00 00 00 00 00 00 00 00 00 00 00 00 00 00 00 00 00 00 00 00 00 00 00 00 00
05875.116 . 00 00 00 00 00 00 00 00 00 00 00 00 00 00 00 00 00 00 00 00 00 00 00 00 00 00 00 00 00 00 00 00 00 00 00
05875.116 . 00 00 00 00 00 00 00 00 00 00 00 00 00 00 00 00 00 00 00 00 00 00 00 00 00 00 00 00 00 00 00 00 00 00 00
05875.116 . 00 00 00 00 00 00 00 00 00 00 00 00 00 00 00
05875.116 Chnl-1, SCP-1.0 (32/0), (5) tx: 6B 00 0C 00 02 09 28 00 00 00
05875.116 Command Status: Scp-1.0, (tag-4-ok)
05875.117 WebConfigNetwork: SCP-1, Method = 2, IP Address: 192.168.0.100, Subnet Mask: 255.255.0.0, Default Gateway: 192.168.0.1, HostName: "MAC00189E7C9FBA", DNSType: 2, DNS: 192.168.0.1, DNS Suffix: ""
WebConfigNetwork: SCP-1, Method2 = 0, IP Address2: 0.0.0.0, Subnet Mask2: 0.0.0.0, Default Gateway2: 0.0.0.0, Tunnel Enable: 0, Tunnel IP: 0.0.0.0, Tunnel Port: 0
05875.121 1(14), enCcStrSRq: 1853 1 24 1 2 3 4 5 6 7 8 9 10 11 12 13 14 15 20 21 22 23 24 26 27 33 35
05875.124 Chnl-1, SCP-1.0 (32/0), (5) rx: 6B 80 1C 01 22 81 0D 00 10 01
05875.124 > 00 00 00 00 02 00 C7 00 A8 C0 05 0D 05 00 00 00 00 00 00 00 00 00 00 00 00 00 00 00 00 00 00 00 00 00 00
05875.124 . 00 00 00 00 00 00 00 00 00 00 00 00 00 00 00 00 00 00 00 00 00 00 00 00 00 00 00 00 00 00 00 00 00 00 00
05875.124 . 00 00 00 00 00 00 00 00 00 00 00 00 00 00 00 00 00 00 00 00 00 00 00 00 00 00 00 00 00 00 00 00 00 00 00
05875.124 . 00 00 00 00 00 00 00 00 00 00 00 00 00 00 00 00 00 00 00 00 00 00 00 00 00 00 00 00 00 00 00 00 00 00 00
05875.124 . 00 00 00 00 00 00 00 00 00 00 00 00 00 00 00 00 00 00 00 00 00 00 00 00 00 00 00 00 00 00 00 00 00 00 00
05875.124 . 00 00 00 00 00 00 00 00 00 00 00 00 00 00 00 00 00 00 00 00 00 00 00 00 00 00 00 00 00 00 00 00 00 00 00
05875.124 . 00 00 00 00 00 00 00 00 00 00 00 00 00 00 00 00 00 00 00 00 00 00 00 00 00 00 00 00 00 00 00 00 00 00 00
05875.124 . 00 00 00 00 00 00 00 00 00 00 00 00 00 00 00 00 00 00 00 00 00 00 00 00 00 00 00
05875.124 Chnl-1, SCP-1.0 (32/0), (6) tx: 6B 00 36 00 03 07 01 00 2A 00
05875.124 > 08 46 00 05 9F 12 40 25 00 00 00 00 00 00 00 00 00 00 00 00 00 00 00 00 00 00 00 00 00 00 00 00 00 00 00
05875.124 . 0F 0F 00 00 00 00 00
05875.124 Command Status: Scp-1.0, (tag-5-ok)
05875.124 WebConfigHostComm: SCP-1, PRIMARY, cType = 2, HostIP: 192.168.0.199, Port: 3333, rqIntvl: 5, connMode: 0, HostName: "", NIC1
05875.133 Chnl-1, SCP-1.0 (32/0), (7) tx: 6B 00 11 00 01 02 02 00 05 00
05875.133 > 0B A0 86 01 00
05875.133 Command Status: Scp-1.0, (tag-6-ok)
05875.188 Chnl-1, SCP-1.0 (32/0), (8) tx: 6B 00 14 00 02 02 0B 00 08 00
05875.188 > 00 01 80 00 00 00 00 00
05875.188 Command Status: Scp-1.0, (tag-7-ok)
05875.250 Chnl-1, SCP-1.0 (32/0), (9) tx: 6B 00 15 00 03 01 04 00 09 00
05875.250 > 33 7A BA 6A 90 9D FF FF 00
05875.250 Command Status: Scp-1.0, (tag-8-ok)
05875.279 Chnl-1, SCP-1.0 (32/0), (10) tx: 6B 00 15 00 01 03 01 00 09 00
05875.279 > 03 00 FF FF 5A 00 02 00 00
05875.279 Command Status: Scp-1.0, (tag-9-ok)
05875.338 Chnl-1, SCP-1.0 (32/0), (11) tx: 6B 00 22 00 02 03 02 00 16 00
05875.338 > 00 C4 00 00 00 00 00 FF FF FF FF 07 04 04 FF FF FF 00 00 00 00 00
05875.338 Command Status: Scp-1.0, (tag-10-ok)
05875.393 Chnl-1, SCP-1.0 (32/0), (12) tx: 6B 00 13 00 03 03 03 00 07 00
05875.393 > 00 01 00 00 00 03 00
05875.393 Command Status: Scp-1.0, (tag-11-ok)
05875.446 Chnl-1, SCP-1.0 (32/0), (13) tx: 6B 00 10 00 01 02 01 00 04 00
05875.446 > FE FF FF FF
05875.446 Command Status: Scp-1.0, (tag-12-ok)
05875.505 Command Status: Scp-1.0, (tag-13-ok)
05875.562 Chnl-1, SCP-1.0 (32/0), (0) rx: 6B 80 49 00 22 81 06 04 39 00 AA 01 00 00
05875.562 > 30 7A BA 6A 00 00 00 01 03 0D 00 01 00 33 7A BA 6A 00 00 00 7E 1C 2C 73 74 61 72 74 20 68 6F 73 74 20 63
05875.562 . 6F 6E 66 69 67 20 61 75 74 6F 73 61 76 65 21 20 30 78 30 33 30 33
05875.562 Chnl-1, SCP-1.0 (32/0), (14) tx: 6B 00 2D 00 03 09 23 00 21 00
05875.562 > 18 01 02 03 04 05 06 07 08 09 0A 0B 0C 0D 0E 0F 14 15 16 17 18 1A 1B 21 23 00 00 00 00 00 00 00 00
05875.562 Sep 28 21:31:12 SCP-1:426 SCP DIAGNOSTICS-0, 1:3 error code = 0, primary: 1(0), alternate: 0(0)
05875.569 Sep 28 21:31:15 SCP-1:427 SCP DIAGNOSTICS-0, 126:28 start host config autosave! 0x0303
05875.581 Chnl-1, SCP-1.0 (32/0), (14) rx: 6B 80 2D 01 23 91 23 00 21 01
05875.581 > 18 01 60 EA 00 AA 01 00 1A 00 02 00 01 00 00 01 00 10 00 03 FF 00 00 FF 00 00 04 00 04 28 00 00 28 00 00
05875.581 . 9C 4A 05 21 00 00 21 00 00 30 0B 06 67 02 00 67 02 00 20 00 07 84 01 00 84 01 00 1C 00 08 40 00 00 40 00
05875.581 . 00 20 09 09 00 7D 00 00 7D 00 40 00 0A 00 04 00 00 04 00 28 00 0B 00 04 00 00 04 00 04 00 0C 80 00 00 80
05875.581 . 00 00 04 01 0D 80 00 00 80 00 00 28 00 0E 00 01 00 00 01 00 80 00 0F A0 86 01 00 00 00 78 00 14 07 00 00
05875.581 . 32 0D 00 00 02 15 00 00 00 B4 01 00 09 00 16 00 00 00 03 00 00 05 00 17 00 00 60 A7 CE 2C 00 00 C8 00 00
05875.581 . 00 00 E5 48 01 00 1A 00 01 00 00 01 00 C4 00 1B 00 00 10 00 00 00 00 00 21 0A 00 00 00 00 00 00 00 23 00
05875.581 . 00 00 00 00 00 00 00 00 00 00 00 00 00 00 00 00 00 00 00 00 00 00 00 00 00 00 00 00 00 00 00 00 00 00 00
05875.581 . 00 00 00 00 00 00 00 00 00 00 00 00 00 00 00 00 00 00 00 00 00 00 00 00 00 00 00 00 00 00 00 00 00 00 00
05875.581 . 00 00 00 00 00 00 00 00 00
05875.582 Command Status: Scp-1.0, (tag-14-ok)
05875.582 ConfigRead: 0020 SCP-1, Number of Items Sent: 24
05875.582    StructId-01, nRecords=60000, nRecSize=026, nActive=00426
05875.582    StructId-02, nRecords=00256, nRecSize=016, nActive=00256
05875.582    StructId-03, nRecords=00255, nRecSize=004, nActive=00255
05875.582    StructId-04, nRecords=00040, nRecSize=19100, nActive=00040
05875.582    StructId-05, nRecords=00033, nRecSize=2864, nActive=00033
05875.582    StructId-06, nRecords=00615, nRecSize=032, nActive=00615
05875.582    StructId-07, nRecords=00388, nRecSize=028, nActive=00388
05875.582    StructId-08, nRecords=00064, nRecSize=2336, nActive=00064
05875.582    StructId-09, nRecords=32000, nRecSize=064, nActive=32000
05875.582    StructId-10, nRecords=01024, nRecSize=040, nActive=01024
05875.582    StructId-11, nRecords=01024, nRecSize=004, nActive=01024
05875.582    StructId-12, nRecords=00128, nRecSize=260, nActive=00128
05875.582    StructId-13, nRecords=00128, nRecSize=040, nActive=00128
05875.582    StructId-14, nRecords=00256, nRecSize=128, nActive=00256
05875.582    StructId-15, nRecords=100000, nRecSize=120, nActive=00000
05875.582    StructId-20, nRecords=00007, nRecSize=512, nActive=03378
05875.582    StructId-21, nRecords=00000, nRecSize=009, nActive=00436
05875.582    StructId-22, nRecords=00000, nRecSize=005, nActive=00003
05875.582    StructId-23, nRecords=6291456, nRecSize=000, nActive=2936487
05875.582    StructId-24, nRecords=16777216, nRecSize=000, nActive=4777216
05875.582    StructId-26, nRecords=00256, nRecSize=196, nActive=00256
05875.582    StructId-27, nRecords=1048576, nRecSize=000, nActive=00000
05875.582    StructId-33, nRecords=00010, nRecSize=000, nActive=00000
05875.582    StructId-35, nRecords=00000, nRecSize=000, nActive=00000
05881.812 1(15), enCcMsp1: 0108 0 1 1 1 0 0 0 0
05881.824 Chnl-1, SCP-1.0 (32/0), (15) tx: 6B 00 15 00 03 03 01 00 09 00
05881.824 > 01 01 00 00 5A 00 02 00 00
05882.181 Command Status: Scp-1.0, (tag-15-ok)
05884.068 1(16), enCcMsp1: 0108 0 1 2 2 0 0 0 0
05884.531 Chnl-1, SCP-1.0 (32/0), (16) tx: 6B 00 15 00 02 03 01 00 09 00
05884.531 > 02 02 00 00 5A 00 02 00 00
05884.590 Command Status: Scp-1.0, (tag-16-ok)
05898.284 1(17), enCcScpTimezoneExAct: 3103 0 1 1 2 0 0 0 ""
05900.473 Chnl-1, SCP-1.0 (32/0), (17) tx: 6B 00 17 00 03 06 1C 00 0B 00
05900.473 > 01 02 00 00 00 00 00 00 00 00 00
05900.535 Command Status: Scp-1.0, (tag-17-ok)
05935.293 1(18), enCcScpTimezoneExAct: 3103 0 1 2 0 0 0 0 ""
05979.360  tcpIpAccept() lsock = 3552, sSock = 3812
05979.360 Connection accepted from [::ffff:192.168.0.100]:43552
05979.360 Could not attach new socket connection to a Channel
05979.360 Chnl-1, SCP-1.0 (32/0), (18) tx: 6B 00 17 00 02 06 1C 00 0B 00
05979.360 > 02 00 00 00 00 00 00 00 00 00 00
05980.387 Socket recv on Socket-3564: failed, Chnl-1, Error: 10053 (An established connection was aborted by the software in your host machine. )
05980.387 Chnl-1, RxByte socket error
05980.387 RxErr-1, Chnl-1, Scp-1.0:  00 00 00 00 00 00 00 00 00 00 00 00 00 00 00 00 00 00 00 00
05980.387 scpCloseChannelSock(): Closing Socket-3564, Chnl-1
05980.387 Receive Error: 1 (broken), Chnl=1, Scp=1.0 (ctag=18),
05980.387 SCP detach: found it, detaching it, SCP-1, Chnl-1
05980.387 Setting SCP-1 for delete on IP Client detach
05980.387 Reporting CommCoS:  Channel--1, SCP-1.0, Status = 1(2), Error = 6(6.0/6.6), Prim=0(3), Alt=0(0)
05980.387 Found SCP-1 to be deleted on detach, but related to valid message, skip for now
05984.392  tcpIpAccept() lsock = 3552, sSock = 3812
05984.392 Connection accepted from [::ffff:192.168.0.100]:60772
05984.392 Found available channel object, Chnl-1
05984.392 Incoming socket connection assigned to Chnl-1 (highest available)
05984.392 Incoming socket connection attached to Channel 1, attaching temp SCP (state: 1, TLS State: 0)
05984.392 Command Status: Scp-1, (tag-18-discarded)
05984.392 Found SCP-1 to be deleted on detach, but related to valid message, skip for now
06003.262 Chnl-1, SCP--1.0 (1/0), (0) tx: 6B 00 0C 00 00 01 02 00 00 00
06003.262 Found SCP-1 to be deleted on detach, calling scpDeleteScp
06003.262 SCP detach: this SCP is already detached - nothing to do, SCP-1, Chnl-0
06003.322 TempScp Rxd:  6B 80 58 00 30 81 03 00 4C 00 04 1B 02 07 35 92 0F 00 00 00 00 01 00 E5 48 00 B2 7A BA 6A A0 86 01 00 00 00 00 00 00 00 00 00 00 00 01 00 00 00 00 00
06003.322 Caller's response: Reply 81-03, spc_ln 0x00, rec_ln: 0x4C, struct: 0x4C
06003.322 Attached incoming Scp-1 as Primary
06003.322 Buf Sizing: Baud Sw = 00, CommMode = 7, ScpRev = 20070 (27.2.7.0.0436), MinVer = 30031, max_txdb = 2952
06003.322 Chnl-1, SCP-1.0 (32/0), (0) rx: 6B 80 58 00 30 81 03 00 4C 00
06003.322 > 04 1B 02 07 35 92 0F 00 00 00 00 01 00 E5 48 00 B2 7A BA 6A A0 86 01 00 00 00 00 00 00 00 00 00 00 00 01
06003.322 . 00 00 00 00 00 00 00 00 00 00 00 00 00 00 00 00 00 00 00 00 01 00 BA 9F 7C 9E 18 00 00 00 00 B4 01 00 00
06003.322 . 6D 01 32 00 00 00
06003.322 Chnl-1, SCP-1.0 (32/0), (0) tx: 6B 00 15 00 01 01 01 00 09 00
06003.322 > B0 0B 22 05 20 03 98 3A 00
06003.322 Reporting CommCoS:  Channel-1, SCP-1.0, Status = 2(1), Error = 0(0.6/6.6), Prim=3(1), Alt=0(0)
06003.322 Did not find any SCPs to delete on detach, clear pending delete flag
06003.390 8103 id report, SCP-1, Device=4.27, FW=2.70.436, SN=1020469, OEM=1, MAC=00:18:9E:7C:9F:BA, ram=4777216(16777216), cards=0(100000), DipCur=0, DipPwr=0, ID=1, Inputs=0,0,0, Hardware Components = 50
06003.455 Chnl-1, SCP-1.0 (32/0), (0) rx: 6B 80 35 00 22 81 06 04 25 00 AC 01 00 00
06003.455 > 88 7A BA 6A 00 00 00 01 02 0D 01 00 01 90 7A BA 6A 00 00 00 01 05 0B 00 B3 7A BA 6A 00 00 00 01 03 0D 00
06003.455 . 01 00
06003.455 Chnl-1, SCP-1.0 (32/0), (0) tx: 6B 00 10 00 03 02 01 00 04 00
06003.455 > FF FF FF FF
06003.455 Sep 28 14:32:40 SCP-1:428 SCP DIAGNOSTICS-0, 1:2 error code = 1, primary: 0(1), alternate: 0(0)
06005.499 Sep 28 14:32:48 SCP-1:429 SCP DIAGNOSTICS-0, 1:5 error code = 0, Autosave complete (config)
06005.501 Sep 28 14:33:23 SCP-1:430 SCP DIAGNOSTICS-0, 1:3 error code = 0, primary: 1(0), alternate: 0(0)
06012.617 1(3), enCcScpScp: 1107 0 1 0 0 0 0 3 60000 33 615 388 64 32000 1024 1024 -25200 0 255 255 128 -5536 0 0 1 0 0
06013.418 Chnl-1, SCP-1.0 (32/0), (1) tx: 6B 00 52 00 01 02 02 00 05 00
06013.418 > 01 18 00 00 00
06013.418 > 02 60 EA 00 00
06013.418 > 03 FC 03 00 00
06013.418 > 04 FF 00 00 00
06013.418 > 05 FF 00 00 00
06013.418 > 06 03 00 00 00
06013.418 > 07 21 00 00 00
06013.418 > 08 67 02 00 00
06013.418 > 09 84 01 00 00
06013.418 > 0A 40 00 00 00
06013.418 > 0C 00 7D 00 00
06013.418 > 0D 00 04 00 00
06013.418 > 0E 00 04 00 00
06013.418 > 10 01 00 00 00
06014.915 Chnl-1, SCP-1.0 (32/0), (2) tx: 6B 00 10 00 02 02 09 00 04 00
06014.916 > 80 00 80 00
06014.916 Command Status: Scp-1.0, (tag-1-ok)
06015.127 Chnl-1, SCP-1.0 (32/0), (3) tx: 6B 00 10 00 03 02 0A 00 04 00
06015.127 > 60 EA FF FF
06015.127 Command Status: Scp-1.0, (tag-2-ok)
06015.220 Command Status: Scp-1.0, (tag-3-ok)
06022.202 1(4), enCcWebConfigRead: 0900 1 2
06024.444 Chnl-1, SCP-1.0 (32/0), (4) tx: 6B 00 0C 00 03 09 27 00 00 00
06025.129 Chnl-1, SCP-1.0 (32/0), (4) rx: 6B 80 79 01 23 81 0C 00 6D 01
06025.129 > 02 00 64 00 A8 C0 00 00 FF FF 01 00 A8 C0 4D 41 43 30 30 31 38 39 45 37 43 39 46 42 41 00 00 00 00 00 00
06025.129 . 00 00 00 00 00 00 00 00 00 00 00 00 00 00 00 00 00 00 00 00 00 00 00 00 00 00 00 00 00 00 00 00 00 00 00
06025.129 . 00 00 00 00 00 00 00 00 02 00 01 00 A8 C0 00 00 00 00 00 00 00 00 00 00 00 00 00 00 00 00 00 00 00 00 00
06025.129 . 00 00 00 00 00 00 00 00 00 00 00 00 00 00 00 00 00 00 00 00 00 00 00 00 00 00 00 00 00 00 00 00 00 00 00
06025.129 . 00 00 00 00 00 00 00 00 00 00 00 00 00 00 00 00 00 00 00 00 00 00 00 00 00 00 00 00 00 00 00 00 00 00 00
06025.129 . 00 00 00 00 00 00 00 00 00 00 00 00 00 00 00 00 00 00 00 00 00 00 00 00 00 00 00 00 00 00 00 00 00 00 00
06025.129 . 00 00 00 00 00 00 00 00 00 00 00 00 00 00 00 00 00 00 00 00 00 00 00 00 00 00 00 00 00 00 00 00 00 00 00
06025.129 . 00 00 00 00 00 00 00 00 00 00 00 00 00 00 00 00 00 00 00 00 00 00 00 00 00 00 00 00 00 00 00 00 00 00 00
06025.129 . 00 00 00 00 00 00 00 00 00 00 00 00 00 00 00 00 00 00 00 00 00 00 00 00 00 00 00 00 00 00 00 00 00 00 00
06025.129 . 00 00 00 00 00 00 00 00 00 00 00 00 00 00 00 00 00 00 00 00 00 00 00 00 00 00 00 00 00 00 00 00 00 00 00
06025.129 . 00 00 00 00 00 00 00 00 00 00 00 00 00 00 00
06025.129 Command Status: Scp-1.0, (tag-4-ok)
06025.130 WebConfigNetwork: SCP-1, Method = 2, IP Address: 192.168.0.100, Subnet Mask: 255.255.0.0, Default Gateway: 192.168.0.1, HostName: "MAC00189E7C9FBA", DNSType: 2, DNS: 192.168.0.1, DNS Suffix: ""
WebConfigNetwork: SCP-1, Method2 = 0, IP Address2: 0.0.0.0, Subnet Mask2: 0.0.0.0, Default Gateway2: 0.0.0.0, Tunnel Enable: 0, Tunnel IP: 0.0.0.0, Tunnel Port: 0
06025.134 1(5), enCcWebConfigRead: 0900 1 3
06025.795 Chnl-1, SCP-1.0 (32/0), (5) tx: 6B 00 0C 00 02 09 28 00 00 00
06026.401 Chnl-1, SCP-1.0 (32/0), (5) rx: 6B 80 1C 01 22 81 0D 00 10 01
06026.401 > 00 00 00 00 02 00 C7 00 A8 C0 05 0D 05 00 00 00 00 00 00 00 00 00 00 00 00 00 00 00 00 00 00 00 00 00 00
06026.401 . 00 00 00 00 00 00 00 00 00 00 00 00 00 00 00 00 00 00 00 00 00 00 00 00 00 00 00 00 00 00 00 00 00 00 00
06026.401 . 00 00 00 00 00 00 00 00 00 00 00 00 00 00 00 00 00 00 00 00 00 00 00 00 00 00 00 00 00 00 00 00 00 00 00
06026.401 . 00 00 00 00 00 00 00 00 00 00 00 00 00 00 00 00 00 00 00 00 00 00 00 00 00 00 00 00 00 00 00 00 00 00 00
06026.401 . 00 00 00 00 00 00 00 00 00 00 00 00 00 00 00 00 00 00 00 00 00 00 00 00 00 00 00 00 00 00 00 00 00 00 00
06026.401 . 00 00 00 00 00 00 00 00 00 00 00 00 00 00 00 00 00 00 00 00 00 00 00 00 00 00 00 00 00 00 00 00 00 00 00
06026.401 . 00 00 00 00 00 00 00 00 00 00 00 00 00 00 00 00 00 00 00 00 00 00 00 00 00 00 00 00 00 00 00 00 00 00 00
06026.401 . 00 00 00 00 00 00 00 00 00 00 00 00 00 00 00 00 00 00 00 00 00 00 00 00 00 00 00
06026.401 Command Status: Scp-1.0, (tag-5-ok)
06026.402 WebConfigHostComm: SCP-1, PRIMARY, cType = 2, HostIP: 192.168.0.199, Port: 3333, rqIntvl: 5, connMode: 0, HostName: "", NIC1
06026.413 1(7), enCcScpAdbSpec: 1105 0 1 100000 8 9542 1 1 2 2 1 0 0 1 1 64 0 5 0 0 0 0 0 0 0 0 0 0 0 0 0 0 0 0 0 0 0 15 15 0 0 0
06027.216 Chnl-1, SCP-1.0 (32/0), (6) tx: 6B 00 36 00 01 07 01 00 2A 00
06027.216 > 08 46 00 05 9F 12 40 25 00 00 00 00 00 00 00 00 00 00 00 00 00 00 00 00 00 00 00 00 00 00 00 00 00 00 00
06027.216 . 0F 0F 00 00 00 00 00
06027.819 Chnl-1, SCP-1.0 (32/0), (7) tx: 6B 00 11 00 02 02 02 00 05 00
06027.819 > 0B A0 86 01 00
06027.819 Command Status: Scp-1.0, (tag-6-ok)
06027.822 1(8), enCcElAlvlSpc: 0501 0 1 256 128 0 0 0
06028.584 Chnl-1, SCP-1.0 (32/0), (8) tx: 6B 00 14 00 03 02 0B 00 08 00
06028.584 > 00 01 80 00 00 00 00 00
06028.584 Command Status: Scp-1.0, (tag-7-ok)
06029.216 Command Status: Scp-1.0, (tag-8-ok)
06029.220 1(9), enCcTime: 0302 1 0
06029.907 Chnl-1, SCP-1.0 (32/0), (9) tx: 6B 00 15 00 02 01 04 00 09 00
06029.907 > CD 7A BA 6A 90 9D FF FF 00
06030.529 Command Status: Scp-1.0, (tag-9-ok)
06030.532 1(10), enCcMsp1: 0108 0 1 0 3 -1 0 0 0
06031.201 Chnl-1, SCP-1.0 (32/0), (10) tx: 6B 00 15 00 01 03 01 00 09 00
06031.201 > 03 00 FF FF 5A 00 02 00 00
06033.794 Command Status: Scp-1.0, (tag-10-ok)
06033.797 1(12), enCcSio: 0109 0 1 0 7 4 4 196 0 0 -1 1 0 0 0 0 3 0 -1 -1 -1 0 0 0
06036.133 Chnl-1, SCP-1.0 (32/0), (11) tx: 6B 00 22 00 03 03 02 00 16 00
06036.133 > 00 C4 00 00 00 00 00 FF FF FF FF 07 04 04 FF FF FF 00 00 00 00 00
06036.137 1(13), enCcTranIndex: 0303 1 -2
06036.148 1(14), enCcStrSRq: 1853 1 24 1 2 3 4 5 6 7 8 9 10 11 12 13 14 15 20 21 22 23 24 26 27 33 35
06036.192 Chnl-1, SCP-1.0 (32/0), (12) tx: 6B 00 13 00 01 03 03 00 07 00
06036.192 > 00 01 00 00 00 03 00
06036.192 Command Status: Scp-1.0, (tag-11-ok)
06036.257 Chnl-1, SCP-1.0 (32/0), (13) tx: 6B 00 10 00 02 02 01 00 04 00
06036.257 > FE FF FF FF
06036.257 Command Status: Scp-1.0, (tag-12-ok)
06036.324 Command Status: Scp-1.0, (tag-13-ok)
06036.382 Chnl-1, SCP-1.0 (32/0), (0) rx: 6B 80 3C 00 23 81 06 04 2C 00 AF 01 00 00
06036.382 > D3 7A BA 6A 00 00 00 7E 1C 2C 73 74 61 72 74 20 68 6F 73 74 20 63 6F 6E 66 69 67 20 61 75 74 6F 73 61 76
06036.382 . 65 21 20 30 78 30 33 30 33
06036.382 Chnl-1, SCP-1.0 (32/0), (14) tx: 6B 00 2D 00 01 09 23 00 21 00
06036.382 > 18 01 02 03 04 05 06 07 08 09 0A 0B 0C 0D 0E 0F 14 15 16 17 18 1A 1B 21 23 00 00 00 00 00 00 00 00
06036.383 Sep 28 21:33:55 SCP-1:431 SCP DIAGNOSTICS-0, 126:28 start host config autosave! 0x0303
06036.443 Chnl-1, SCP-1.0 (32/0), (14) rx: 6B 80 2D 01 21 91 23 00 21 01
06036.443 > 18 01 60 EA 00 AE 01 00 1A 00 02 00 01 00 00 01 00 10 00 03 FF 00 00 FF 00 00 04 00 04 28 00 00 28 00 00
06036.443 . 9C 4A 05 21 00 00 21 00 00 30 0B 06 67 02 00 67 02 00 20 00 07 84 01 00 84 01 00 1C 00 08 40 00 00 40 00
06036.443 . 00 20 09 09 00 7D 00 00 7D 00 40 00 0A 00 04 00 00 04 00 28 00 0B 00 04 00 00 04 00 04 00 0C 80 00 00 80
06036.443 . 00 00 04 01 0D 80 00 00 80 00 00 28 00 0E 00 01 00 00 01 00 80 00 0F A0 86 01 00 00 00 78 00 14 07 00 00
06036.443 . 32 0D 00 00 02 15 00 00 00 B4 01 00 09 00 16 00 00 00 03 00 00 05 00 17 00 00 60 A7 CE 2C 00 00 C8 00 00
06036.443 . 00 00 E5 48 01 00 1A 00 01 00 00 01 00 C4 00 1B 00 00 10 00 00 00 00 00 21 0A 00 00 00 00 00 00 00 23 00
06036.443 . 00 00 00 00 00 00 00 00 00 00 00 00 00 00 00 00 00 00 00 00 00 00 00 00 00 00 00 00 00 00 00 00 00 00 00
06036.443 . 00 00 00 00 00 00 00 00 00 00 00 00 00 00 00 00 00 00 00 00 00 00 00 00 00 00 00 00 00 00 00 00 00 00 00
06036.443 . 00 00 00 00 00 00 00 00 00
06036.443 Command Status: Scp-1.0, (tag-14-ok)
06036.444 ConfigRead: 0020 SCP-1, Number of Items Sent: 24
06036.444    StructId-01, nRecords=60000, nRecSize=026, nActive=00430
06036.444    StructId-02, nRecords=00256, nRecSize=016, nActive=00256
06036.444    StructId-03, nRecords=00255, nRecSize=004, nActive=00255
06036.444    StructId-04, nRecords=00040, nRecSize=19100, nActive=00040
06036.444    StructId-05, nRecords=00033, nRecSize=2864, nActive=00033
06036.444    StructId-06, nRecords=00615, nRecSize=032, nActive=00615
06036.444    StructId-07, nRecords=00388, nRecSize=028, nActive=00388
06036.444    StructId-08, nRecords=00064, nRecSize=2336, nActive=00064
06036.444    StructId-09, nRecords=32000, nRecSize=064, nActive=32000
06036.444    StructId-10, nRecords=01024, nRecSize=040, nActive=01024
06036.444    StructId-11, nRecords=01024, nRecSize=004, nActive=01024
06036.444    StructId-12, nRecords=00128, nRecSize=260, nActive=00128
06036.444    StructId-13, nRecords=00128, nRecSize=040, nActive=00128
06036.444    StructId-14, nRecords=00256, nRecSize=128, nActive=00256
06036.444    Debug file SCPDEBUG.txt <SCPDEBUGc.txt> <SCPDEBUG.TXT> opened Mon Sep 28 21:38:19 2026
Begin - SCP Driver DLL (64-bit) version 4.7.1.43
06300.002 WSAStartup ok
06300.002 RNG_X931A24 Initialized
06300.002 1, enCcSystem: 011 1 1024 0 0 1
06300.033 1, enCcCreateChannel: 0012 1 7 3333 0 3000 0 "" 0
06300.150 listen(lsock) created socket=3548 on port 3333
06300.150 Listen Successful, port: 3333
06311.141  tcpIpAccept() lsock = 3548, sSock = 3572
06311.141 Connection accepted from [::ffff:192.168.0.100]:58846
06311.141 Found available channel object, Chnl-1
06311.141 Incoming socket connection assigned to Chnl-1 (highest available)
06311.141 Incoming socket connection attached to Channel 1, attaching temp SCP (state: 1, TLS State: 0)
06311.141 Chnl-1, SCP--1.0 (1/0), (0) tx: 6B 00 0C 00 00 01 02 00 00 00
06311.195 TempScp Rxd:  6B 80 58 00 30 81 03 00 4C 00 04 1B 02 07 35 92 0F 00 00 00 00 01 00 E5 48 00 E6 7B BA 6A A0 86 01 00 00 00 00 00 00 00 00 00 00 00 01 00 00 00 00 00
06311.195 Caller's response: Reply 81-03, spc_ln 0x00, rec_ln: 0x4C, struct: 0x4C
06311.195 Attached incoming Scp-1 as Primary
06311.195 Buf Sizing: Baud Sw = 00, CommMode = 7, ScpRev = 20070 (27.2.7.0.0436), MinVer = 30031, max_txdb = 2952
06311.195 Chnl-1, SCP-1.0 (32/0), (0) rx: 6B 80 58 00 30 81 03 00 4C 00
06311.195 > 04 1B 02 07 35 92 0F 00 00 00 00 01 00 E5 48 00 E6 7B BA 6A A0 86 01 00 00 00 00 00 00 00 00 00 00 00 01
06311.195 . 00 00 00 00 00 00 00 00 00 00 00 00 00 00 00 00 00 00 00 00 01 00 BA 9F 7C 9E 18 00 00 00 00 B4 01 00 00
06311.195 . 6D 01 32 00 00 00
06311.195 Chnl-1, SCP-1.0 (32/0), (0) tx: 6B 00 15 00 01 01 01 00 09 00
06311.195 > B0 0B 22 05 20 03 98 3A 00
06311.195 Reporting CommCoS:  Channel-1, SCP-1.0, Status = 2(1), Error = 0(0.6/6.6), Prim=3(1), Alt=0(0)
06311.217 8103 id report, SCP-1, Device=4.27, FW=2.70.436, SN=1020469, OEM=1, MAC=00:18:9E:7C:9F:BA, ram=4777216(16777216), cards=0(100000), DipCur=0, DipPwr=0, ID=1, Inputs=0,0,0, Hardware Components = 50
06311.295 Chnl-1, SCP-1.0 (32/0), (0) rx: 6B 80 1D 00 22 81 06 04 0D 00 B1 01 00 00
06311.295 > 2C 7B BA 6A 00 00 00 01 02 0D 01 00 01
06311.295 Chnl-1, SCP-1.0 (32/0), (0) tx: 6B 00 10 00 03 02 01 00 04 00
06311.295 > FF FF FF FF
06311.295 Sep 28 14:35:24 SCP-1:433 SCP DIAGNOSTICS-0, 1:2 error code = 1, primary: 0(1), alternate: 0(0)
06312.683 1(3), enCcScpScp: 1107 0 1 0 0 0 0 3 60000 33 615 388 64 32000 1024 1024 -25200 0 255 255 128 -5536 0 0 1 0 0
06312.707 Chnl-1, SCP-1.0 (32/0), (1) tx: 6B 00 52 00 03 02 02 00 05 00
06312.707 > 01 18 00 00 00
06312.707 > 02 60 EA 00 00
06312.707 > 03 FC 03 00 00
06312.707 > 04 FF 00 00 00
06312.707 > 05 FF 00 00 00
06312.707 > 06 03 00 00 00
06312.707 > 07 21 00 00 00
06312.707 > 08 67 02 00 00
06312.707 > 09 84 01 00 00
06312.707 > 0A 40 00 00 00
06312.707 > 0C 00 7D 00 00
06312.707 > 0D 00 04 00 00
06312.707 > 0E 00 04 00 00
06312.707 > 10 01 00 00 00
06312.772 Chnl-1, SCP-1.0 (32/0), (2) tx: 6B 00 10 00 01 02 09 00 04 00
06312.772 > 80 00 80 00
06312.772 Command Status: Scp-1.0, (tag-1-ok)
06312.772 Chnl-1, SCP-1.0 (32/0), (3) tx: 6B 00 10 00 02 02 0A 00 04 00
06312.772 > 60 EA FF FF
06312.772 Command Status: Scp-1.0, (tag-2-ok)
06312.833 Command Status: Scp-1.0, (tag-3-ok)
06313.030 1(4), enCcWebConfigRead: 0900 1 2
06313.047 1(5), enCcWebConfigRead: 0900 1 3
06313.052 Chnl-1, SCP-1.0 (32/0), (4) tx: 6B 00 0C 00 01 09 27 00 00 00
06313.083 1(7), enCcScpAdbSpec: 1105 0 1 100000 8 9542 1 1 2 2 1 0 0 1 1 64 0 5 0 0 0 0 0 0 0 0 0 0 0 0 0 0 0 0 0 0 0 15 15 0 0 0
06313.093 1(8), enCcElAlvlSpc: 0501 0 1 256 128 0 0 0
06313.103 1(9), enCcTime: 0302 1 0
06313.113 1(10), enCcMsp1: 0108 0 1 0 3 -1 0 0 0
06313.120 1(12), enCcSio: 0109 0 1 0 7 4 4 196 0 0 -1 1 0 0 0 0 3 0 -1 -1 -1 0 0 0
06313.132 1(13), enCcTranIndex: 0303 1 -2
06313.182 1(14), enCcStrSRq: 1853 1 24 1 2 3 4 5 6 7 8 9 10 11 12 13 14 15 20 21 22 23 24 26 27 33 35
06313.233 Chnl-1, SCP-1.0 (32/0), (4) rx: 6B 80 79 01 21 81 0C 00 6D 01
06313.233 > 02 00 64 00 A8 C0 00 00 FF FF 01 00 A8 C0 4D 41 43 30 30 31 38 39 45 37 43 39 46 42 41 00 00 00 00 00 00
06313.233 . 00 00 00 00 00 00 00 00 00 00 00 00 00 00 00 00 00 00 00 00 00 00 00 00 00 00 00 00 00 00 00 00 00 00 00
06313.233 . 00 00 00 00 00 00 00 00 02 00 01 00 A8 C0 00 00 00 00 00 00 00 00 00 00 00 00 00 00 00 00 00 00 00 00 00
06313.233 . 00 00 00 00 00 00 00 00 00 00 00 00 00 00 00 00 00 00 00 00 00 00 00 00 00 00 00 00 00 00 00 00 00 00 00
06313.233 . 00 00 00 00 00 00 00 00 00 00 00 00 00 00 00 00 00 00 00 00 00 00 00 00 00 00 00 00 00 00 00 00 00 00 00
06313.233 . 00 00 00 00 00 00 00 00 00 00 00 00 00 00 00 00 00 00 00 00 00 00 00 00 00 00 00 00 00 00 00 00 00 00 00
06313.233 . 00 00 00 00 00 00 00 00 00 00 00 00 00 00 00 00 00 00 00 00 00 00 00 00 00 00 00 00 00 00 00 00 00 00 00
06313.233 . 00 00 00 00 00 00 00 00 00 00 00 00 00 00 00 00 00 00 00 00 00 00 00 00 00 00 00 00 00 00 00 00 00 00 00
06313.233 . 00 00 00 00 00 00 00 00 00 00 00 00 00 00 00 00 00 00 00 00 00 00 00 00 00 00 00 00 00 00 00 00 00 00 00
06313.233 . 00 00 00 00 00 00 00 00 00 00 00 00 00 00 00 00 00 00 00 00 00 00 00 00 00 00 00 00 00 00 00 00 00 00 00
06313.233 . 00 00 00 00 00 00 00 00 00 00 00 00 00 00 00
06313.233 Chnl-1, SCP-1.0 (32/0), (5) tx: 6B 00 0C 00 02 09 28 00 00 00
06313.233 Command Status: Scp-1.0, (tag-4-ok)
06313.236 WebConfigNetwork: SCP-1, Method = 2, IP Address: 192.168.0.100, Subnet Mask: 255.255.0.0, Default Gateway: 192.168.0.1, HostName: "MAC00189E7C9FBA", DNSType: 2, DNS: 192.168.0.1, DNS Suffix: ""
WebConfigNetwork: SCP-1, Method2 = 0, IP Address2: 0.0.0.0, Subnet Mask2: 0.0.0.0, Default Gateway2: 0.0.0.0, Tunnel Enable: 0, Tunnel IP: 0.0.0.0, Tunnel Port: 0
06313.236 Chnl-1, SCP-1.0 (32/0), (5) rx: 6B 80 1C 01 22 81 0D 00 10 01
06313.236 > 00 00 00 00 02 00 C7 00 A8 C0 05 0D 05 00 00 00 00 00 00 00 00 00 00 00 00 00 00 00 00 00 00 00 00 00 00
06313.236 . 00 00 00 00 00 00 00 00 00 00 00 00 00 00 00 00 00 00 00 00 00 00 00 00 00 00 00 00 00 00 00 00 00 00 00
06313.236 . 00 00 00 00 00 00 00 00 00 00 00 00 00 00 00 00 00 00 00 00 00 00 00 00 00 00 00 00 00 00 00 00 00 00 00
06313.236 . 00 00 00 00 00 00 00 00 00 00 00 00 00 00 00 00 00 00 00 00 00 00 00 00 00 00 00 00 00 00 00 00 00 00 00
06313.236 . 00 00 00 00 00 00 00 00 00 00 00 00 00 00 00 00 00 00 00 00 00 00 00 00 00 00 00 00 00 00 00 00 00 00 00
06313.236 . 00 00 00 00 00 00 00 00 00 00 00 00 00 00 00 00 00 00 00 00 00 00 00 00 00 00 00 00 00 00 00 00 00 00 00
06313.244 . 00 00 00 00 00 00 00 00 00 00 00 00 00 00 00 00 00 00 00 00 00 00 00 00 00 00 00 00 00 00 00 00 00 00 00
06313.244 . 00 00 00 00 00 00 00 00 00 00 00 00 00 00 00 00 00 00 00 00 00 00 00 00 00 00 00
06313.244 Chnl-1, SCP-1.0 (32/0), (6) tx: 6B 00 36 00 03 07 01 00 2A 00
06313.244 > 08 46 00 05 9F 12 40 25 00 00 00 00 00 00 00 00 00 00 00 00 00 00 00 00 00 00 00 00 00 00 00 00 00 00 00
06313.244 . 0F 0F 00 00 00 00 00
06313.244 Command Status: Scp-1.0, (tag-5-ok)
06313.246 WebConfigHostComm: SCP-1, PRIMARY, cType = 2, HostIP: 192.168.0.199, Port: 3333, rqIntvl: 5, connMode: 0, HostName: "", NIC1
06313.253 Chnl-1, SCP-1.0 (32/0), (7) tx: 6B 00 11 00 01 02 02 00 05 00
06313.253 > 0B A0 86 01 00
06313.253 Command Status: Scp-1.0, (tag-6-ok)
06313.307 Chnl-1, SCP-1.0 (32/0), (8) tx: 6B 00 14 00 02 02 0B 00 08 00
06313.307 > 00 01 80 00 00 00 00 00
06313.307 Command Status: Scp-1.0, (tag-7-ok)
06313.359 Chnl-1, SCP-1.0 (32/0), (9) tx: 6B 00 15 00 03 01 04 00 09 00
06313.359 > E9 7B BA 6A 90 9D FF FF 00
06313.359 Command Status: Scp-1.0, (tag-8-ok)
06313.422 Chnl-1, SCP-1.0 (32/0), (10) tx: 6B 00 15 00 01 03 01 00 09 00
06313.422 > 03 00 FF FF 5A 00 02 00 00
06313.422 Command Status: Scp-1.0, (tag-9-ok)
06313.428 Chnl-1, SCP-1.0 (32/0), (11) tx: 6B 00 22 00 02 03 02 00 16 00
06313.428 > 00 C4 00 00 00 00 00 FF FF FF FF 07 04 04 FF FF FF 00 00 00 00 00
06313.428 Command Status: Scp-1.0, (tag-10-ok)
06313.491 Chnl-1, SCP-1.0 (32/0), (12) tx: 6B 00 13 00 03 03 03 00 07 00
06313.491 > 00 01 00 00 00 03 00
06313.491 Command Status: Scp-1.0, (tag-11-ok)
06313.543 Chnl-1, SCP-1.0 (32/0), (13) tx: 6B 00 10 00 01 02 01 00 04 00
06313.543 > FE FF FF FF
06313.543 Command Status: Scp-1.0, (tag-12-ok)
06313.608 Command Status: Scp-1.0, (tDebug file SCPDEBUG.txt <SCPDEBUGc.txt> <SCPDEBUG.TXT> opened Mon Sep 28 21:41:26 2026
Begin - SCP Driver DLL (64-bit) version 4.7.1.43
06486.680 WSAStartup ok
06486.688 RNG_X931A24 Initialized
06486.688 1, enCcSystem: 011 1 1024 0 0 1
06486.736 1, enCcCreateChannel: 0012 1 7 3333 0 3000 0 "" 0
06486.876 listen(lsock) created socket=3552 on port 3333
06486.876 Listen Successful, port: 3333
06492.919  tcpIpAccept() lsock = 3552, sSock = 3172
06492.919 Connection accepted from [::ffff:192.168.0.100]:33888
06492.919 Found available channel object, Chnl-1
06492.919 Incoming socket connection assigned to Chnl-1 (highest available)
06492.919 Incoming socket connection attached to Channel 1, attaching temp SCP (state: 1, TLS State: 0)
06492.919 Chnl-1, SCP--1.0 (1/0), (0) tx: 6B 00 0C 00 00 01 02 00 00 00
06492.974 TempScp Rxd:  6B 80 58 00 30 81 03 00 4C 00 04 1B 02 07 35 92 0F 00 00 00 00 01 00 E5 48 00 9C 7C BA 6A A0 86 01 00 00 00 00 00 00 00 00 00 00 00 01 00 00 00 00 00
06492.974 Caller's response: Reply 81-03, spc_ln 0x00, rec_ln: 0x4C, struct: 0x4C
06492.974 Attached incoming Scp-1 as Primary
06492.974 Buf Sizing: Baud Sw = 00, CommMode = 7, ScpRev = 20070 (27.2.7.0.0436), MinVer = 30031, max_txdb = 2952
06492.974 Chnl-1, SCP-1.0 (32/0), (0) rx: 6B 80 58 00 30 81 03 00 4C 00
06492.974 > 04 1B 02 07 35 92 0F 00 00 00 00 01 00 E5 48 00 9C 7C BA 6A A0 86 01 00 00 00 00 00 00 00 00 00 00 00 01
06492.975 . 00 00 00 00 00 00 00 00 00 00 00 00 00 00 00 00 00 00 00 00 01 00 BA 9F 7C 9E 18 00 00 00 00 B4 01 00 00
06492.975 . 6D 01 32 00 00 00
06492.975 Chnl-1, SCP-1.0 (32/0), (0) tx: 6B 00 15 00 01 01 01 00 09 00
06492.975 > B0 0B 22 05 20 03 98 3A 00
06492.975 Reporting CommCoS:  Channel-1, SCP-1.0, Status = 2(1), Error = 0(0.6/6.6), Prim=3(1), Alt=0(0)
06493.050 8103 id report, SCP-1, Device=4.27, FW=2.70.436, SN=1020469, OEM=1, MAC=00:18:9E:7C:9F:BA, ram=4777216(16777216), cards=0(100000), DipCur=0, DipPwr=0, ID=1, Inputs=0,0,0, Hardware Components = 50
06493.148 Chnl-1, SCP-1.0 (32/0), (0) rx: 6B 80 35 00 22 81 06 04 25 00 B4 01 00 00
06493.148 > 10 7C BA 6A 00 00 00 01 02 0D 01 00 01 36 7C BA 6A 00 00 00 01 05 0B 00 9C 7C BA 6A 00 00 00 01 03 0D 00
06493.149 . 01 00
06493.149 Chnl-1, SCP-1.0 (32/0), (0) tx: 6B 00 10 00 03 02 01 00 04 00
06493.149 > FF FF FF FF
06493.149 Sep 28 14:39:12 SCP-1:436 SCP DIAGNOSTICS-0, 1:2 error code = 1, primary: 0(1), alternate: 0(0)
06493.293 Sep 28 14:39:50 SCP-1:437 SCP DIAGNOSTICS-0, 1:5 error code = 0, Autosave complete (config)
06493.323 Sep 28 14:41:32 SCP-1:438 SCP DIAGNOSTICS-0, 1:3 error code = 0, primary: 1(0), alternate: 0(0)
06497.166 1(3), enCcScpScp: 1107 0 1 0 0 0 0 3 60000 33 615 388 64 32000 1024 1024 -25200 0 255 255 128 -5536 0 0 1 0 0
06497.219 Chnl-1, SCP-1.0 (32/0), (1) tx: 6B 00 52 00 03 02 02 00 05 00
06497.219 > 01 18 00 00 00
06497.219 > 02 60 EA 00 00
06497.219 > 03 FC 03 00 00
06497.219 > 04 FF 00 00 00
06497.219 > 05 FF 00 00 00
06497.219 > 06 03 00 00 00
06497.219 > 07 21 00 00 00
06497.219 > 08 67 02 00 00
06497.219 > 09 84 01 00 00
06497.219 > 0A 40 00 00 00
06497.219 > 0C 00 7D 00 00
06497.219 > 0D 00 04 00 00
06497.219 > 0E 00 04 00 00
06497.219 > 10 01 00 00 00
06497.276 Chnl-1, SCP-1.0 (32/0), (2) tx: 6B 00 10 00 01 02 09 00 04 00
06497.276 > 80 00 80 00
06497.276 Command Status: Scp-1.0, (tag-1-ok)
06497.294 Chnl-1, SCP-1.0 (32/0), (3) tx: 6B 00 10 00 02 02 0A 00 04 00
06497.294 > 60 EA FF FF
06497.295 Command Status: Scp-1.0, (tag-2-ok)
06497.300 Command Status: Scp-1.0, (tag-3-ok)
06498.060 1(4), enCcWebConfigRead: 0900 1 2
06498.070 Chnl-1, SCP-1.0 (32/0), (4) tx: 6B 00 0C 00 01 09 27 00 00 00
06498.089 1(5), enCcWebConfigRead: 0900 1 3
06498.146 1(7), enCcScpAdbSpec: 1105 0 1 100000 8 9542 1 1 2 2 1 0 0 1 1 64 0 5 0 0 0 0 0 0 0 0 0 0 0 0 0 0 0 0 0 0 0 15 15 0 0 0
06498.170 1(8), enCcElAlvlSpc: 0501 0 1 256 128 0 0 0
06498.187 1(9), enCcTime: 0302 1 0
06498.207 1(10), enCcMsp1: 0108 0 1 0 3 -1 0 0 0
06498.221 1(12), enCcSio: 0109 0 1 0 7 4 4 196 0 0 -1 1 0 0 0 0 3 0 -1 -1 -1 0 0 0
06498.236 Chnl-1, SCP-1.0 (32/0), (4) rx: 6B 80 79 01 21 81 0C 00 6D 01
06498.236 > 02 00 64 00 A8 C0 00 00 FF FF 01 00 A8 C0 4D 41 43 30 30 31 38 39 45 37 43 39 46 42 41 00 00 00 00 00 00
06498.236 . 00 00 00 00 00 00 00 00 00 00 00 00 00 00 00 00 00 00 00 00 00 00 00 00 00 00 00 00 00 00 00 00 00 00 00
06498.237 . 00 00 00 00 00 00 00 00 02 00 01 00 A8 C0 00 00 00 00 00 00 00 00 00 00 00 00 00 00 00 00 00 00 00 00 00
06498.237 . 00 00 00 00 00 00 00 00 00 00 00 00 00 00 00 00 00 00 00 00 00 00 00 00 00 00 00 00 00 00 00 00 00 00 00
06498.237 . 00 00 00 00 00 00 00 00 00 00 00 00 00 00 00 00 00 00 00 00 00 00 00 00 00 00 00 00 00 00 00 00 00 00 00
06498.237 . 00 00 00 00 00 00 00 00 00 00 00 00 00 00 00 00 00 00 00 00 00 00 00 00 00 00 00 00 00 00 00 00 00 00 00
06498.237 . 00 00 00 00 00 00 00 00 00 00 00 00 00 00 00 00 00 00 00 00 00 00 00 00 00 00 00 00 00 00 00 00 00 00 00
06498.237 . 00 00 00 00 00 00 00 00 00 00 00 00 00 00 00 00 00 00 00 00 00 00 00 00 00 00 00 00 00 00 00 00 00 00 00
06498.237 . 00 00 00 00 00 00 00 00 00 00 00 00 00 00 00 00 00 00 00 00 00 00 00 00 00 00 00 00 00 00 00 00 00 00 00
06498.237 . 00 00 00 00 00 00 00 00 00 00 00 00 00 00 00 00 00 00 00 00 00 00 00 00 00 00 00 00 00 00 00 00 00 00 00
06498.237 . 00 00 00 00 00 00 00 00 00 00 00 00 00 00 00
06498.237 Chnl-1, SCP-1.0 (32/0), (5) tx: 6B 00 0C 00 02 09 28 00 00 00
06498.237 Command Status: Scp-1.0, (tag-4-ok)
06498.237 WebConfigNetwork: SCP-1, Method = 2, IP Address: 192.168.0.100, Subnet Mask: 255.255.0.0, Default Gateway: 192.168.0.1, HostName: "MAC00189E7C9FBA", DNSType: 2, DNS: 192.168.0.1, DNS Suffix: ""
WebConfigNetwork: SCP-1, Method2 = 0, IP Address2: 0.0.0.0, Subnet Mask2: 0.0.0.0, Default Gateway2: 0.0.0.0, Tunnel Enable: 0, Tunnel IP: 0.0.0.0, Tunnel Port: 0
06498.237 1(13), enCcTranIndex: 0303 1 -2
06498.247 Chnl-1, SCP-1.0 (32/0), (5) rx: 6B 80 1C 01 22 81 0D 00 10 01
06498.247 > 00 00 00 00 02 00 C7 00 A8 C0 05 0D 05 00 00 00 00 00 00 00 00 00 00 00 00 00 00 00 00 00 00 00 00 00 00
06498.247 . 00 00 00 00 00 00 00 00 00 00 00 00 00 00 00 00 00 00 00 00 00 00 00 00 00 00 00 00 00 00 00 00 00 00 00
06498.247 . 00 00 00 00 00 00 00 00 00 00 00 00 00 00 00 00 00 00 00 00 00 00 00 00 00 00 00 00 00 00 00 00 00 00 00
06498.247 . 00 00 00 00 00 00 00 00 00 00 00 00 00 00 00 00 00 00 00 00 00 00 00 00 00 00 00 00 00 00 00 00 00 00 00
06498.247 . 00 00 00 00 00 00 00 00 00 00 00 00 00 00 00 00 00 00 00 00 00 00 00 00 00 00 00 00 00 00 00 00 00 00 00
06498.247 . 00 00 00 00 00 00 00 00 00 00 00 00 00 00 00 00 00 00 00 00 00 00 00 00 00 00 00 00 00 00 00 00 00 00 00
06498.247 . 00 00 00 00 00 00 00 00 00 00 00 00 00 00 00 00 00 00 00 00 00 00 00 00 00 00 00 00 00 00 00 00 00 00 00
06498.247 . 00 00 00 00 00 00 00 00 00 00 00 00 00 00 00 00 00 00 00 00 00 00 00 00 00 00 00
06498.247 Chnl-1, SCP-1.0 (32/0), (6) tx: 6B 00 36 00 03 07 01 00 2A 00
06498.247 > 08 46 00 05 9F 12 40 25 00 00 00 00 00 00 00 00 00 00 00 00 00 00 00 00 00 00 00 00 00 00 00 00 00 00 00
06498.247 . 0F 0F 00 00 00 00 00
06498.247 Command Status: Scp-1.0, (tag-5-ok)
06498.247 WebConfigHostComm: SCP-1, PRIMARY, cType = 2, HostIP: 192.168.0.199, Port: 3333, rqIntvl: 5, connMode: 0, HostName: "", NIC1
06498.256 1(14), enCcStrSRq: 1853 1 24 1 2 3 4 5 6 7 8 9 10 11 12 13 14 15 20 21 22 23 24 26 27 33 35
06498.256 Chnl-1, SCP-1.0 (32/0), (7) tx: 6B 00 11 00 01 02 02 00 05 00
06498.256 > 0B A0 86 01 00
06498.256 Command Status: Scp-1.0, (tag-6-ok)
06498.313 Chnl-1, SCP-1.0 (32/0), (8) tx: 6B 00 14 00 02 02 0B 00 08 00
06498.313 > 00 01 80 00 00 00 00 00
06498.313 Command Status: Scp-1.0, (tag-7-ok)
06498.370 Chnl-1, SCP-1.0 (32/0), (9) tx: 6B 00 15 00 03 01 04 00 09 00
06498.370 > A2 7C BA 6A 90 9D FF FF 00
06498.370 Command Status: Scp-1.0, (tag-8-ok)
06498.429 Chnl-1, SCP-1.0 (32/0), (10) tx: 6B 00 15 00 01 03 01 00 09 00
06498.429 > 03 00 FF FF 5A 00 02 00 00
06498.429 Command Status: Scp-1.0, (tag-9-ok)
06498.487 Chnl-1, SCP-1.0 (32/0), (11) tx: 6B 00 22 00 02 03 02 00 16 00
06498.487 > 00 C4 00 00 00 00 00 FF FF FF FF 07 04 04 FF FF FF 00 00 00 00 00
06498.487 Command Status: Scp-1.0, (tag-10-ok)
06498.548 Chnl-1, SCP-1.0 (32/0), (12) tx:Debug file SCPDEBUG.txt <SCPDEBUGc.txt> <SCPDEBUG.TXT> opened Tue Sep 29 07:55:38 2026
Begin - SCP Driver DLL (64-bit) version 4.7.1.43
43338.121 WSAStartup ok
43338.124 RNG_X931A24 Initialized
43338.124 1, enCcSystem: 011 1 1024 0 0 1
43338.180 1, enCcCreateChannel: 0012 1 7 3333 0 3000 0 "" 0
43338.257 listen(lsock) created socket=3312 on port 3333
43338.257 Listen Successful, port: 3333
44639.567 Shutting down debug Thread...
File closed Tue Sep 29 08:17:19 2026
Debug file SCPDEBUG.txt <SCPDEBUGc.txt> <SCPDEBUG.TXT> opened Tue Sep 29 08:34:58 2026
Begin - SCP Driver DLL (64-bit) version 4.7.1.43
45698.500 WSAStartup ok
45698.500 RNG_X931A24 Initialized
45698.500 1, enCcSystem: 011 1 1024 0 0 1
45698.610 1, enCcCreateChannel: 0012 1 7 3333 0 3000 0 "" 0
45698.759 listen(lsock) created socket=3392 on port 3333
45698.759 Listen Successful, port: 3333
45748.053 0(0), enCcTranSrq: 0402 1
49311.535 0(0), enCcTranSrq: 0402 1
49536.093 0(0), enCcTranSrq: 0402 1
51476.340 Shutting down debug Thread...
File closed Tue Sep 29 10:11:16 2026
Debug file SCPDEBUG.txt <SCPDEBUGc.txt> <SCPDEBUG.TXT> opened Tue Sep 29 10:31:04 2026
Begin - SCP Driver DLL (64-bit) version 4.7.1.43
52664.040 WSAStartup ok
52664.051 RNG_X931A24 Initialized
52664.051 1, enCcSystem: 011 1 1024 0 0 1
52664.172 1, enCcCreateChannel: 0012 1 7 3333 0 3000 0 "" 0
52664.492 listen(lsock) created socket=3360 on port 3333
52664.492 Listen Successful, port: 3333
52691.577 0(0), enCcTranSrq: 0402 1
53018.672 0(0), enCcTranSrq: 0402 1
53096.056 0(0), enCcTranSrq: 0402 1
53110.148 0(0), enCcTranSrq: 0402 1
53115.622 0(0), enCcTranSrq: 0402 1
53432.055 0(0), enCcTranSrq: 0402 1
53436.057 0(0), enCcStrSRq: 1853 1 24 1 2 3 4 5 6 7 8 9 10 11 12 13 14 15 20 21 22 23 24 26 27 33 35
53492.782 0(0), enCcTranSrq: 0402 1
53691.424 0(0), enCcTranSrq: 0402 1
53710.180 0(0), enCcTranSrq: 0402 1
53784.341 Shutting down debug Thread...
File closed Tue Sep 29 10:49:44 2026
Debug file SCPDEBUG.txt <SCPDEBUGc.txt> <SCPDEBUG.TXT> opened Tue Sep 29 10:50:53 2026
Begin - SCP Driver DLL (64-bit) version 4.7.1.43
53853.450 WSAStartup ok
53853.450 RNG_X931A24 Initialized
53853.450 1, enCcSystem: 011 1 1024 0 0 1
53853.583 1, enCcCreateChannel: 0012 1 7 3333 0 3000 0 "" 0
53853.781 listen(lsock) created socket=3392 on port 3333
53853.781 Listen Successful, port: 3333
55608.311 0(0), enCcTranSrq: 0402 1
55962.257 0(0), enCcTranSrq: 0402 1
56008.458 0(0), enCcTranSrq: 0402 1
58954.673 Shutting down debug Thread...
File closed Tue Sep 29 12:15:54 2026
Debug file SCPDEBUG.txt <SCPDEBUGc.txt> <SCPDEBUG.TXT> opened Tue Sep 29 12:48:52 2026
Begin - SCP Driver DLL (64-bit) version 4.7.1.43
60932.069 WSAStartup ok
60932.069 RNG_X931A24 Initialized
60932.069 1, enCcSystem: 011 1 1024 0 0 1
60932.128 1, enCcCreateChannel: 0012 1 7 3333 0 3000 0 "" 0
60932.209 listen(lsock) created socket=3364 on port 3333
60932.209 Listen Successful, port: 3333
61227.661 0(0), enCcTranSrq: 0402 1
64347.127 Shutting down debug Thread...
File closed Tue Sep 29 13:45:47 2026
Debug file SCPDEBUG.txt <SCPDEBUGc.txt> <SCPDEBUG.TXT> opened Tue Sep 29 13:46:46 2026
Begin - SCP Driver DLL (64-bit) version 4.7.1.43
64406.264 WSAStartup ok
64406.268 RNG_X931A24 Initialized
64406.268 1, enCcSystem: 011 1 1024 0 0 1
64406.437 1, enCcCreateChannel: 0012 1 7 3333 0 3000 0 "" 0
64406.531 listen(lsock) created socket=3384 on port 3333
64406.531 Listen Successful, port: 3333
71291.216 Shutting down debug Thread...
File closed Tue Sep 29 15:41:31 2026
Debug file SCPDEBUG.txt <SCPDEBUGc.txt> <SCPDEBUG.TXT> opened Tue Sep 29 15:57:23 2026
Begin - SCP Driver DLL (64-bit) version 4.7.1.43
72243.486 WSAStartup ok
72243.486 RNG_X931A24 Initialized
72243.486 1, enCcSystem: 011 1 1024 0 0 1
72243.546 1, enCcCreateChannel: 0012 1 7 3333 0 3000 0 "" 0
72243.626 listen(lsock) created socket=3356 on port 3333
72243.626 Listen Successful, port: 3333
72863.978 Shutting down debug Thread...
File closed Tue Sep 29 16:07:43 2026
Debug file SCPDEBUG.txt <SCPDEBUGc.txt> <SCPDEBUG.TXT> opened Tue Sep 29 20:41:32 2026
Begin - SCP Driver DLL (64-bit) version 4.7.1.43
89292.684 WSAStartup ok
89292.684 RNG_X931A24 Initialized
89292.684 1, enCcSystem: 011 1 1024 0 0 1
89292.745 1, enCcCreateChannel: 0012 1 7 3333 0 3000 0 "" 0
89292.861 listen(lsock) created socket=3352 on port 3333
89292.861 Listen Successful, port: 3333
89331.458 0(0), enCcTranSrq: 0402 1
96765.275 Shutting down debug Thread...
File closed Tue Sep 29 22:46:05 2026
Debug file SCPDEBUG.txt <SCPDEBUGc.txt> <SCPDEBUG.TXT> opened Wed Sep 30 08:27:31 2026
Begin - SCP Driver DLL (64-bit) version 4.7.1.43
31651.450 WSAStartup ok
31651.452 RNG_X931A24 Initialized
31651.452 1, enCcSystem: 011 1 1024 0 0 1
31651.504 1, enCcCreateChannel: 0012 1 7 3333 0 3000 0 "" 0
31651.632 listen(lsock) created socket=3392 on port 3333
31651.632 Listen Successful, port: 3333
36665.474 Shutting down debug Thread...
File closed Wed Sep 30 09:51:05 2026
Debug file SCPDEBUG.txt <SCPDEBUGc.txt> <SCPDEBUG.TXT> opened Wed Sep 30 09:51:47 2026
Begin - SCP Driver DLL (64-bit) version 4.7.1.43
36707.830 WSAStartup ok
36707.832 RNG_X931A24 Initialized
36707.832 1, enCcSystem: 011 1 1024 0 0 1
36707.909 1, enCcCreateChannel: 0012 1 7 3333 0 3000 0 "" 0
36708.011 listen(lsock) created socket=3360 on port 3333
36708.011 Listen Successful, port: 3333
43767.010 0(0), enCcTranSrq: 0402 1
44250.346 Shutting down debug Thread...
File closed Wed Sep 30 11:57:30 2026
Debug file SCPDEBUG.txt <SCPDEBUGc.txt> <SCPDEBUG.TXT> opened Wed Sep 30 11:58:52 2026
Begin - SCP Driver DLL (64-bit) version 4.7.1.43
44332.270 WSAStartup ok
44332.280 RNG_X931A24 Initialized
44332.280 1, enCcSystem: 011 1 1024 0 0 1
44332.425 1, enCcCreateChannel: 0012 1 7 3333 0 3000 0 "" 0
44332.718 listen(lsock) created socket=3368 on port 3333
44332.719 Listen Successful, port: 3333
45134.419 0(0), enCcTranSrq: 0402 1
45141.044 0(0), enCcTranSrq: 0402 1
45153.871 0(0), enCcStrSRq: 1853 1 24 1 2 3 4 5 6 7 8 9 10 11 12 13 14 15 20 21 22 23 24 26 27 33 35
45162.292 0(0), enCcTranSrq: 0402 1
45863.552 Shutting down debug Thread...
File closed Wed Sep 30 12:24:23 2026
Debug file SCPDEBUG.txt <SCPDEBUGc.txt> <SCPDEBUG.TXT> opened Wed Sep 30 14:50:41 2026
Begin - SCP Driver DLL (64-bit) version 4.7.1.43
54641.561 WSAStartup ok
54641.561 RNG_X931A24 Initialized
54641.561 1, enCcSystem: 011 1 1024 0 0 1
54641.654 1, enCcCreateChannel: 0012 1 7 3333 0 3000 0 "" 0
54641.830 listen(lsock) created socket=3384 on port 3333
54641.830 Listen Successful, port: 3333
Debug file SCPDEBUG.txt <SCPDEBUGc.txt> <SCPDEBUG.TXT> opened Wed Sep 30 16:51:42 2026
Begin - SCP Driver DLL (64-bit) version 4.7.1.43
61902.077 WSAStartup ok
61902.081 RNG_X931A24 Initialized
61902.081 1, enCcSystem: 011 1 1024 0 0 1
61902.148 1, enCcCreateChannel: 0012 1 7 3333 0 3000 0 "" 0
61902.253 listen(lsock) created socket=3352 on port 3333
61902.253 Listen Successful, port: 3333
83478.561 Shutting down debug Thread...
File closed Wed Sep 30 22:51:18 2026
Debug file SCPDEBUG.txt <SCPDEBUGc.txt> <SCPDEBUG.TXT> opened Wed Sep 30 22:51:48 2026
Begin - SCP Driver DLL (64-bit) version 4.7.1.43
83508.789 WSAStartup ok
83508.791 RNG_X931A24 Initialized
83508.791 1, enCcSystem: 011 1 1024 0 0 1
83508.825 1, enCcCreateChannel: 0012 1 7 3333 0 3000 0 "" 0
83508.899 listen(lsock) created socket=3360 on port 3333
83508.899 Listen Successful, port: 3333
83547.847 0(0), enCcTranSrq: 0402 1
85156.500 Shutting down debug Thread...
File closed Wed Sep 30 23:19:16 2026
Debug file SCPDEBUG.txt <SCPDEBUGc.txt> <SCPDEBUG.TXT> opened Wed Sep 30 23:20:44 2026
Begin - SCP Driver DLL (64-bit) version 4.7.1.43
85244.382 WSAStartup ok
85244.384 RNG_X931A24 Initialized
85244.384 1, enCcSystem: 011 1 1024 0 0 1
85244.447 1, enCcCreateChannel: 0012 1 7 3333 0 3000 0 "" 0
85244.530 listen(lsock) created socket=3360 on port 3333
85244.530 Listen Successful, port: 3333
86332.792 Shutting down debug Thread...
File closed Wed Sep 30 23:38:52 2026
Debug file SCPDEBUG.txt <SCPDEBUGc.txt> <SCPDEBUG.TXT> opened Fri Oct  2 16:17:11 2026
Begin - SCP Driver DLL (64-bit) version 4.7.1.43
32631.489 WSAStartup ok
32631.489 RNG_X931A24 Initialized
32631.489 1, enCcSystem: 011 1 1024 0 0 1
32631.582 1, enCcCreateChannel: 0012 1 7 3333 0 3000 0 "" 0
32631.793 listen(lsock) created socket=3360 on port 3333
32631.793 Listen Successful, port: 3333
35663.375 Shutting down debug Thread...
File closed Fri Oct  2 17:07:43 2026
Debug file SCPDEBUG.txt <SCPDEBUGc.txt> <SCPDEBUG.TXT> opened Fri Oct  2 22:54:01 2026
Begin - SCP Driver DLL (64-bit) version 4.7.1.43
56441.602 WSAStartup ok
56441.608 RNG_X931A24 Initialized
56441.608 1, enCcSystem: 011 1 1024 0 0 1
56441.721 1, enCcCreateChannel: 0012 1 7 3333 0 3000 0 "" 0
56441.908 listen(lsock) created socket=3376 on port 3333
56441.908 Listen Successful, port: 3333
58869.623 0(0), enCcTranSrq: 0402 1
59188.204 Shutting down debug Thread...
File closed Fri Oct  2 23:39:48 2026
Debug file SCPDEBUG.txt <SCPDEBUGc.txt> <SCPDEBUG.TXT> opened Fri Oct  2 23:48:20 2026
Begin - SCP Driver DLL (64-bit) version 4.7.1.43
59700.349 WSAStartup ok
59700.351 RNG_X931A24 Initialized
59700.351 1, enCcSystem: 011 1 1024 0 0 1
59700.386 1, enCcCreateChannel: 0012 1 7 3333 0 3000 0 "" 0
59700.454 listen(lsock) created socket=3380 on port 3333
59700.454 Listen Successful, port: 3333
60150.096 0(0), enCcReader: 0112 0 1 1 0 1 2 1 0 0
60150.394 0(0), enCcOutput: 0111 0 1 1 0 0
60150.410 0(0), enCcInput: 0110 0 1 1 1 0 4 0
60150.442 0(0), enCcInput: 0110 0 1 1 0 0 2 0
60150.458 0(0), enCcOutput: 0111 0 1 1 1 0
60150.474 0(0), enCcCP: 0114 0 1 1 1 1 1
60453.594 0(0), enCcReader: 0112 0 1 1 0 1 2 1 0 0
60453.611 0(0), enCcOutput: 0111 0 1 1 0 0
60453.624 0(0), enCcInput: 0110 0 1 1 0 0 4 0
60453.637 0(0), enCcInput: 0110 0 1 1 1 1 2 0
60466.869 0(0), enCcReader: 0112 0 1 1 0 1 2 1 0 0
60466.877 0(0), enCcOutput: 0111 0 1 1 0 0
60466.888 0(0), enCcInput: 0110 0 1 1 0 0 4 0
60466.901 0(0), enCcInput: 0110 0 1 1 1 1 2 0
60509.029 Shutting down debug Thread...
File closed Sat Oct  3 00:01:49 2026
Debug file SCPDEBUG.txt <SCPDEBUGc.txt> <SCPDEBUG.TXT> opened Sat Oct  3 00:17:08 2026
Begin - SCP Driver DLL (64-bit) version 4.7.1.43
61428.323 WSAStartup ok
61428.327 RNG_X931A24 Initialized
61428.327 1, enCcSystem: 011 1 1024 0 0 1
61428.423 1, enCcCreateChannel: 0012 1 7 3333 0 3000 0 "" 0
61428.608 listen(lsock) created socket=3380 on port 3333
61428.608 Listen Successful, port: 3333
61446.091 0(0), enCcReader: 0112 0 1 0 0 1 2 1 0 0
61446.506 0(0), enCcOutput: 0111 0 1 0 0 0
61446.555 0(0), enCcInput: 0110 0 1 0 0 0 4 0
61446.572 0(0), enCcInput: 0110 0 1 0 1 1 2 0
61507.484 Shutting down debug Thread...
File closed Sat Oct  3 00:18:27 2026
Debug file SCPDEBUG.txt <SCPDEBUGc.txt> <SCPDEBUG.TXT> opened Sat Oct  3 00:56:54 2026
Begin - SCP Driver DLL (64-bit) version 4.7.1.43
63814.304 WSAStartup ok
63814.304 RNG_X931A24 Initialized
63814.304 1, enCcSystem: 011 1 1024 0 0 1
63814.376 1, enCcCreateChannel: 0012 1 7 3333 0 3000 0 "" 0
63814.450 listen(lsock) created socket=3380 on port 3333
63814.450 Listen Successful, port: 3333
63992.176 Shutting down debug Thread...
File closed Sat Oct  3 00:59:52 2026
Debug file SCPDEBUG.txt <SCPDEBUGc.txt> <SCPDEBUG.TXT> opened Sat Oct  3 01:00:16 2026
Begin - SCP Driver DLL (64-bit) version 4.7.1.43
64016.457 WSAStartup ok
64016.462 RNG_X931A24 Initialized
64016.462 1, enCcSystem: 011 1 1024 0 0 1
64016.515 1, enCcCreateChannel: 0012 1 7 3333 0 3000 0 "" 0
64016.602 listen(lsock) created socket=3380 on port 3333
64016.602 Listen Successful, port: 3333
64087.317 0(0), enCcReader: 0112 0 1 0 0 1 2 1 0 0
64087.488 0(0), enCcOutput: 0111 0 1 0 0 0
64087.516 0(0), enCcInput: 0110 0 1 0 0 0 4 0
64087.531 0(0), enCcInput: 0110 0 1 0 1 0 2 0
64087.565 0(0), enCcOutput: 0111 0 1 0 1 0
64087.577 0(0), enCcCP: 0114 0 1 1 0 1 1
64087.604 0(0), enCcACR: 0115 0 1 1 0 -1 0 0 0 0 1 5 0 0 0 1 0 1 -1 -1 0 0 -1 -1 0 255 0 -1 1 0 0 0 0 0 0 0 5 1 0 0 0 0 0
64110.568 Shutting down debug Thread...
File closed Sat Oct  3 01:01:50 2026
Debug file SCPDEBUG.txt <SCPDEBUGc.txt> <SCPDEBUG.TXT> opened Sat Oct  3 16:39:03 2026
Begin - SCP Driver DLL (64-bit) version 4.7.1.43
20343.263 WSAStartup ok
20343.266 RNG_X931A24 Initialized
20343.266 1, enCcSystem: 011 1 1024 0 0 1
20343.313 1, enCcCreateChannel: 0012 1 7 3333 0 3000 0 "" 0
20343.400 listen(lsock) created socket=3364 on port 3333
20343.400 Listen Successful, port: 3333
30000.429 Shutting down debug Thread...
File closed Sat Oct  3 19:20:00 2026
Debug file SCPDEBUG.txt <SCPDEBUGc.txt> <SCPDEBUG.TXT> opened Sat Oct  3 22:37:21 2026
Begin - SCP Driver DLL (64-bit) version 4.7.1.43
41841.570 WSAStartup ok
41841.570 RNG_X931A24 Initialized
41841.570 1, enCcSystem: 011 1 1024 0 0 1
41841.688 1, enCcCreateChannel: 0012 1 7 3333 0 3000 0 "" 0
41841.912 listen(lsock) created socket=3384 on port 3333
41841.912 Listen Successful, port: 3333
41893.923  tcpIpAccept() lsock = 3384, sSock = 3448
41893.923 Connection accepted from [::ffff:192.168.0.100]:49912
41893.923 Found available channel object, Chnl-1
41893.923 Incoming socket connection assigned to Chnl-1 (highest available)
41893.923 Incoming socket connection attached to Channel 1, attaching temp SCP (state: 1, TLS State: 0)
41893.923 Chnl-1, SCP--1.0 (1/0), (0) tx: 6B 00 0C 00 00 01 02 00 00 00
41893.984 TempScp Rxd:  6B 80 58 00 30 81 03 00 4C 00 04 1B 02 07 35 92 0F 00 00 00 00 01 00 E5 48 00 55 21 C1 6A A0 86 01 00 00 00 00 00 00 00 00 00 00 00 01 00 00 00 00 00
41893.984 Caller's response: Reply 81-03, spc_ln 0x00, rec_ln: 0x4C, struct: 0x4C
41893.984 Attached incoming Scp-1 as Primary
41893.984 Buf Sizing: Baud Sw = 00, CommMode = 7, ScpRev = 20070 (27.2.7.0.0436), MinVer = 30031, max_txdb = 2952
41893.984 Chnl-1, SCP-1.0 (32/0), (0) rx: 6B 80 58 00 30 81 03 00 4C 00
41893.984 > 04 1B 02 07 35 92 0F 00 00 00 00 01 00 E5 48 00 55 21 C1 6A A0 86 01 00 00 00 00 00 00 00 00 00 00 00 01
41893.984 . 00 00 00 00 00 00 00 00 00 00 00 00 00 00 00 00 00 00 00 00 01 00 BA 9F 7C 9E 18 00 00 00 00 B4 01 00 00
41893.984 . 6D 01 32 00 00 00
41893.984 Chnl-1, SCP-1.0 (32/0), (0) tx: 6B 00 15 00 01 01 01 00 09 00
41893.984 > B0 0B 22 05 20 03 98 3A 00
41893.984 Reporting CommCoS:  Channel-1, SCP-1.0, Status = 2(1), Error = 0(0.6/6.6), Prim=3(1), Alt=0(0)
41893.984 8103 id report, SCP-1, Device=4.27, FW=2.70.436, SN=1020469, OEM=1, MAC=00:18:9E:7C:9F:BA, ram=4777216(16777216), cards=0(100000), DipCur=0, DipPwr=0, ID=1, Inputs=0,0,0, Hardware Components = 50
41894.051 Chnl-1, SCP-1.0 (32/0), (0) rx: 6B 80 07 01 22 81 06 04 F7 00 B8 01 00 00
41894.051 > D8 7C BA 6A 00 00 00 01 02 0D 01 00 01 EB 7C BA 6A 00 00 00 01 05 0B 00 C2 1F C1 6A 00 00 00 7E 08 2E 68
41894.051 . 6F 73 74 20 63 6F 6E 66 69 67 20 6C 6F 61 64 69 6E 67 20 26 20 63 6F 6E 66 69 67 20 28 30 20 30 29 2E 2E
41894.051 . C2 1F C1 6A 00 00 00 7E 06 3F 53 50 45 43 20 42 4C 4F 43 4B 3A 20 6C 65 6E 28 32 34 29 20 72 65 63 6C 65
41894.051 . 6E 28 31 37 35 32 29 20 6E 52 65 63 28 37 33 29 20 72 65 63 6F 66 73 74 28 33 32 29 C2 1F C1 6A 00 00 00
41894.051 . 7E 06 22 53 52 41 4D 20 68 61 73 20 6E 6F 20 76 61 6C 69 64 20 63 61 72 64 73 21 C2 1F C1 6A 00 00 00 01
41894.051 . 01 0B 04 C2 1F C1 6A 04 00 00 02 05 29 03 C4 05 FF FF FF FF D9 00 C4 01 00 00 00 00 52 00 FF FF 00 00 00
41894.051 . 00 00 00 00 00 00 00 00 00 CC 1F C1 6A 0F 01 00 0C 01 0E 00 00 00 00 CC 1F C1 6A 0F 02 00 0C 01 0E 00 00
41894.051 . 00 00
41894.051 Chnl-1, SCP-1.0 (32/0), (0) tx: 6B 00 10 00 03 02 01 00 04 00
41894.051 > FF FF FF FF
41894.051 Sep 28 14:42:32 SCP-1:440 SCP DIAGNOSTICS-0, 1:2 error code = 1, primary: 0(1), alternate: 0(0)
41894.069 Sep 28 14:42:51 SCP-1:441 SCP DIAGNOSTICS-0, 1:5 error code = 0, Autosave complete (config)
41894.069 Oct 03 15:31:14 SCP-1:442 SCP DIAGNOSTICS-0, 126:8 host config loading & config (0 0)..
41894.085 Oct 03 15:31:14 SCP-1:443 SCP DIAGNOSTICS-0, 126:6 SPEC BLOCK: len(24) reclen(1752) nRec(73) recofst(32)
41894.086 Oct 03 15:31:14 SCP-1:444 SCP DIAGNOSTICS-0, 126:6 SRAM has no valid cards!
41894.086 Oct 03 15:31:14 SCP-1:445 SCP DIAGNOSTICS-0, 1:1 PowerUp diag = 4 (....X...)  
41894.087 Oct 03 15:31:14 SCP-1:446 SIO COMM-0, 2:5 Sts=03, Mdl=196.5, sn=-1, h/w=217.0, ProdId=196.1, OEM=-1, Boot=0.0.0, Ldr=0.0.0, App=0.5.2 Encryption = None, Key Status = Not Loaded to EP, HW Comp: 0
41894.087 Oct 03 15:31:24 SCP-1:447 TIMEZONE-1, 12:1 Activations = 0
41894.088 Oct 03 15:31:24 SCP-1:448 TIMEZONE-2, 12:1 Activations = 0
41894.119 1(3), enCcScpScp: 1107 0 1 0 0 0 0 3 60000 33 615 388 64 32000 1024 1024 -25200 0 255 255 128 -5536 0 0 1 0 0
41894.151 Chnl-1, SCP-1.0 (32/0), (1) tx: 6B 00 52 00 02 02 02 00 05 00
41894.151 > 01 18 00 00 00
41894.151 > 02 60 EA 00 00
41894.151 > 03 FC 03 00 00
41894.151 > 04 FF 00 00 00
41894.151 > 05 FF 00 00 00
41894.151 > 06 03 00 00 00
41894.151 > 07 21 00 00 00
41894.151 > 08 67 02 00 00
41894.151 > 09 84 01 00 00
41894.151 > 0A 40 00 00 00
41894.151 > 0C 00 7D 00 00
41894.151 > 0D 00 04 00 00
41894.151 > 0E 00 04 00 00
41894.151 > 10 01 00 00 00
41894.199 1(4), enCcWebConfigRead: 0900 1 2
41894.215 Chnl-1, SCP-1.0 (32/0), (2) tx: 6B 00 10 00 03 02 09 00 04 00
41894.215 > 80 00 80 00
41894.215 Command Status: Scp-1.0, (tag-1-ok)
41894.215 1(5), enCcWebConfigRead: 0900 1 3
41894.215 Chnl-1, SCP-1.0 (32/0), (3) tx: 6B 00 10 00 01 02 0A 00 04 00
41894.215 > 60 EA FF FF
41894.215 Command Status: Scp-1.0, (tag-2-ok)
41894.284 Chnl-1, SCP-1.0 (32/0), (4) tx: 6B 00 0C 00 02 09 27 00 00 00
41894.284 Command Status: Scp-1.0, (tag-3-ok)
41894.402 Chnl-1, SCP-1.0 (32/0), (4) rx: 6B 80 79 01 22 81 0C 00 6D 01
41894.402 > 02 00 64 00 A8 C0 00 00 FF FF 01 00 A8 C0 4D 41 43 30 30 31 38 39 45 37 43 39 46 42 41 00 00 00 00 00 00
41894.402 . 00 00 00 00 00 00 00 00 00 00 00 00 00 00 00 00 00 00 00 00 00 00 00 00 00 00 00 00 00 00 00 00 00 00 00
41894.402 . 00 00 00 00 00 00 00 00 02 00 01 00 A8 C0 00 00 00 00 00 00 00 00 00 00 00 00 00 00 00 00 00 00 00 00 00
41894.402 . 00 00 00 00 00 00 00 00 00 00 00 00 00 00 00 00 00 00 00 00 00 00 00 00 00 00 00 00 00 00 00 00 00 00 00
41894.402 . 00 00 00 00 00 00 00 00 00 00 00 00 00 00 00 00 00 00 00 00 00 00 00 00 00 00 00 00 00 00 00 00 00 00 00
41894.402 . 00 00 00 00 00 00 00 00 00 00 00 00 00 00 00 00 00 00 00 00 00 00 00 00 00 00 00 00 00 00 00 00 00 00 00
41894.402 . 00 00 00 00 00 00 00 00 00 00 00 00 00 00 00 00 00 00 00 00 00 00 00 00 00 00 00 00 00 00 00 00 00 00 00
41894.402 . 00 00 00 00 00 00 00 00 00 00 00 00 00 00 00 00 00 00 00 00 00 00 00 00 00 00 00 00 00 00 00 00 00 00 00
41894.402 . 00 00 00 00 00 00 00 00 00 00 00 00 00 00 00 00 00 00 00 00 00 00 00 00 00 00 00 00 00 00 00 00 00 00 00
41894.402 . 00 00 00 00 00 00 00 00 00 00 00 00 00 00 00 00 00 00 00 00 00 00 00 00 00 00 00 00 00 00 00 00 00 00 00
41894.402 . 00 00 00 00 00 00 00 00 00 00 00 00 00 00 00
41894.402 Chnl-1, SCP-1.0 (32/0), (5) tx: 6B 00 0C 00 03 09 28 00 00 00
41894.402 Command Status: Scp-1.0, (tag-4-ok)
41894.402 WebConfigNetwork: SCP-1, Method = 2, IP Address: 192.168.0.100, Subnet Mask: 255.255.0.0, Default Gateway: 192.168.0.1, HostName: "MAC00189E7C9FBA", DNSType: 2, DNS: 192.168.0.1, DNS Suffix: ""
WebConfigNetwork: SCP-1, Method2 = 0, IP Address2: 0.0.0.0, Subnet Mask2: 0.0.0.0, Default Gateway2: 0.0.0.0, Tunnel Enable: 0, Tunnel IP: 0.0.0.0, Tunnel Port: 0
41894.468 Chnl-1, SCP-1.0 (32/0), (5) rx: 6B 80 1C 01 23 81 0D 00 10 01
41894.468 > 00 00 00 00 02 00 C7 00 A8 C0 05 0D 05 00 00 00 00 00 00 00 00 00 00 00 00 00 00 00 00 00 00 00 00 00 00
41894.469 . 00 00 00 00 00 00 00 00 00 00 00 00 00 00 00 00 00 00 00 00 00 00 00 00 00 00 00 00 00 00 00 00 00 00 00
41894.469 . 00 00 00 00 00 00 00 00 00 00 00 00 00 00 00 00 00 00 00 00 00 00 00 00 00 00 00 00 00 00 00 00 00 00 00
41894.469 . 00 00 00 00 00 00 00 00 00 00 00 00 00 00 00 00 00 00 00 00 00 00 00 00 00 00 00 00 00 00 00 00 00 00 00
41894.469 . 00 00 00 00 00 00 00 00 00 00 00 00 00 00 00 00 00 00 00 00 00 00 00 00 00 00 00 00 00 00 00 00 00 00 00
41894.469 . 00 00 00 00 00 00 00 00 00 00 00 00 00 00 00 00 00 00 00 00 00 00 00 00 00 00 00 00 00 00 00 00 00 00 00
41894.469 . 00 00 00 00 00 00 00 00 00 00 00 00 00 00 00 00 00 00 00 00 00 00 00 00 00 00 00 00 00 00 00 00 00 00 00
41894.469 . 00 00 00 00 00 00 00 00 00 00 00 00 00 00 00 00 00 00 00 00 00 00 00 00 00 00 00
41894.469 Command Status: Scp-1.0, (tag-5-ok)
41894.470 WebConfigHostComm: SCP-1, PRIMARY, cType = 2, HostIP: 192.168.0.199, Port: 3333, rqIntvl: 5, connMode: 0, HostName: "", NIC1
42018.765 1(7), enCcScpAdbSpec: 1105 0 1 200000 8 9542 1 1 2 2 1 0 0 1 1 64 0 5 0 0 0 0 0 0 0 0 0 0 0 0 0 0 0 0 0 0 0 15 15 0 0 0
42018.799 1(8), enCcElAlvlSpc: 0501 0 1 256 128 0 0 0
42018.813 Chnl-1, SCP-1.0 (32/0), (6) tx: 6B 00 36 00 02 07 01 00 2A 00
42018.813 > 08 46 00 05 9F 12 40 25 00 00 00 00 00 00 00 00 00 00 00 00 00 00 00 00 00 00 00 00 00 00 00 00 00 00 00
42018.813 . 0F 0F 00 00 00 00 00
42018.814 1(9), enCcTime: 0302 1 0
42018.842 1(10), enCcMsp1: 0108 0 1 0 3 -1 0 0 0
42018.864 Chnl-1, SCP-1.0 (32/0), (7) tx: 6B 00 11 00 03 02 02 00 05 00
42018.864 > 0B 40 0D 03 00
42018.864 Command Status: Scp-1.0, (tag-6-ok)
42018.871 Chnl-1, SCP-1.0 (32/0), (7) rx: 6B 80 15 00 23 81 02 00 09 00
42018.871 > 04 00 00 00 00 01 11 00 00
42018.871 Chnl-1, SCP-1.0 (32/0), (8) tx: 6B 00 14 00 01 02 0B 00 08 00
42018.871 > 00 01 80 00 00 00 00 00
42018.871 Command Status: Scp-1.0, (tag-7-nak), NAK: reason:4, rec=0, descr_code=0x1101, description=Num Card count differs from previous allocation
42018.882 Chnl-1, SCP-1.0 (32/0), (9) tx: 6B 00 15 00 02 01 04 00 09 00
42018.882 > E2 21 C1 6A 90 9D FF FF 00
42018.883 Command Status: Scp-1.0, (tag-8-ok)
42018.916 1(12), enCcSio: 0109 0 1 0 7 4 4 196 0 0 -1 1 0 0 0 0 3 0 -1 -1 -1 0 0 0
42018.932 1(13), enCcTranIndex: 0303 1 -2
42018.932 1(14), enCcStrSRq: 1853 1 24 1 2 3 4 5 6 7 8 9 10 11 12 13 14 15 20 21 22 23 24 26 27 33 35
42018.947 Chnl-1, SCP-1.0 (32/0), (10) tx: 6B 00 15 00 03 03 01 00 09 00
42018.947 > 03 00 FF FF 5A 00 02 00 00
42018.947 Command Status: Scp-1.0, (tag-9-ok)
42019.009 Chnl-1, SCP-1.0 (32/0), (11) tx: 6B 00 22 00 01 03 02 00 16 00
42019.009 > 00 C4 00 00 00 00 00 FF FF FF FF 07 04 04 FF FF FF 00 00 00 00 00
42019.009 Command Status: Scp-1.0, (tag-10-ok)
42019.066 Chnl-1, SCP-1.0 (32/0), (12) tx: 6B 00 13 00 02 03 03 00 07 00
42019.066 > 00 01 00 00 00 03 00
42019.066 Command Status: Scp-1.0, (tag-11-ok)
42019.100 1(15), enCcTranSrq: 0402 1
42019.128 Chnl-1, SCP-1.0 (32/0), (13) tx: 6B 00 10 00 03 02 01 00 04 00
42019.128 > FE FF FF FF
42019.128 Command Status: Scp-1.0, (tag-12-ok)
42019.180 Command Status: Scp-1.0, (tag-13-ok)
42019.233 Chnl-1, SCP-1.0 (32/0), (0) rx: 6B 80 49 00 21 81 06 04 39 00 C1 01 00 00
42019.233 > 55 21 C1 6A 00 00 00 01 03 0D 00 01 00 E2 21 C1 6A 00 00 00 7E 1C 2C 73 74 61 72 74 20 68 6F 73 74 20 63
42019.233 . 6F 6E 66 69 67 20 61 75 74 6F 73 61 76 65 21 20 30 78 30 33 30 33
42019.233 Chnl-1, SCP-1.0 (32/0), (14) tx: 6B 00 2D 00 02 09 23 00 21 00
42019.233 > 18 01 02 03 04 05 06 07 08 09 0A 0B 0C 0D 0E 0F 14 15 16 17 18 1A 1B 21 23 00 00 00 00 00 00 00 00
42019.233 Oct 03 22:37:57 SCP-1:449 SCP DIAGNOSTICS-0, 1:3 error code = 0, primary: 1(0), alternate: 0(0)
42019.233 Oct 03 22:40:18 SCP-1:450 SCP DIAGNOSTICS-0, 126:28 start host config autosave! 0x0303
42019.268 Chnl-1, SCP-1.0 (32/0), (14) rx: 6B 80 2D 01 22 91 23 00 21 01
42019.268 > 18 01 60 EA 00 C1 01 00 1A 00 02 00 01 00 00 01 00 10 00 03 FF 00 00 FF 00 00 04 00 04 28 00 00 28 00 00
42019.268 . 9C 4A 05 21 00 00 21 00 00 30 0B 06 67 02 00 67 02 00 20 00 07 84 01 00 84 01 00 1C 00 08 40 00 00 40 00
42019.268 . 00 20 09 09 00 7D 00 00 7D 00 40 00 0A 00 04 00 00 04 00 28 00 0B 00 04 00 00 04 00 04 00 0C 80 00 00 80
42019.268 . 00 00 04 01 0D 80 00 00 80 00 00 28 00 0E 00 01 00 00 01 00 80 00 0F A0 86 01 00 00 00 78 00 14 07 00 00
42019.268 . 32 0D 00 00 02 15 00 00 00 B4 01 00 09 00 16 00 00 00 03 00 00 05 00 17 00 00 60 A7 CE 2C 00 00 C8 00 00
42019.268 . 00 00 E5 48 01 00 1A 00 01 00 00 01 00 C4 00 1B 00 00 10 00 00 00 00 00 21 0A 00 00 00 00 00 00 00 23 00
42019.268 . 00 00 00 00 00 00 00 00 00 00 00 00 00 00 00 00 00 00 00 00 00 00 00 00 00 00 00 00 00 00 00 00 00 00 00
42019.268 . 00 00 00 00 00 00 00 00 00 00 00 00 00 00 00 00 00 00 00 00 00 00 00 00 00 00 00 00 00 00 00 00 00 00 00
42019.268 . 00 00 00 00 00 00 00 00 00
42019.268 Chnl-1, SCP-1.0 (32/0), (15) tx: 6B 00 0C 00 03 01 06 00 00 00
42019.268 Command Status: Scp-1.0, (tag-14-ok)
42019.269 ConfigRead: 0020 SCP-1, Number of Items Sent: 24
42019.269    StructId-01, nRecords=60000, nRecSize=026, nActive=00449
42019.269    StructId-02, nRecords=00256, nRecSize=016, nActive=00256
42019.269    StructId-03, nRecords=00255, nRecSize=004, nActive=00255
42019.269    StructId-04, nRecords=00040, nRecSize=19100, nActive=00040
42019.269    StructId-05, nRecords=00033, nRecSize=2864, nActive=00033
42019.269    StructId-06, nRecords=00615, nRecSize=032, nActive=00615
42019.269    StructId-07, nRecords=00388, nRecSize=028, nActive=00388
42019.269    StructId-08, nRecords=00064, nRecSize=2336, nActive=00064
42019.269    StructId-09, nRecords=32000, nRecSize=064, nActive=32000
42019.269    StructId-10, nRecords=01024, nRecSize=040, nActive=01024
42019.269    StructId-11, nRecords=01024, nRecSize=004, nActive=01024
42019.269    StructId-12, nRecords=00128, nRecSize=260, nActive=00128
42019.269    StructId-13, nRecords=00128, nRecSize=040, nActive=00128
42019.269    StructId-14, nRecords=00256, nRecSize=128, nActive=00256
42019.269    StructId-15, nRecords=100000, nRecSize=120, nActive=00000
42019.269    StructId-20, nRecords=00007, nRecSize=512, nActive=03378
42019.269    StructId-21, nRecords=00000, nRecSize=009, nActive=00436
42019.269    StructId-22, nRecords=00000, nRecSize=005, nActive=00003
42019.269    StructId-23, nRecords=6291456, nRecSize=000, nActive=2936487
42019.269    StructId-24, nRecords=16777216, nRecSize=000, nActive=4777216
42019.269    StructId-26, nRecords=00256, nRecSize=196, nActive=00256
42019.269    StructId-27, nRecords=1048576, nRecSize=000, nActive=00000
42019.269    StructId-33, nRecords=00010, nRecSize=000, nActive=00000
42019.269    StructId-35, nRecords=00000, nRecSize=000, nActive=00000
42019.282 Chnl-1, SCP-1.0 (32/0), (15) rx: 6B 80 1D 00 23 81 05 00 11 00
42019.282 > 60 EA 00 00 01 00 00 00 C2 01 00 00 C2 01 00 00 00
42019.282 Command Status: Scp-1.0, (tag-15-ok)
42019.393 1(16), enCcMsp1: 0108 0 1 1 1 0 0 0 0
42019.400 Chnl-1, SCP-1.0 (32/0), (16) tx: 6B 00 15 00 02 03 01 00 09 00
42019.400 > 01 01 00 00 5A 00 02 00 00
42019.400 1(17), enCcMsp1: 0108 0 1 2 2 0 0 0 0
42019.462 Chnl-1, SCP-1.0 (32/0), (17) tx: 6B 00 15 00 03 03 01 00 09 00
42019.462 > 02 02 00 00 5A 00 02 00 00
42019.462 Command Status: Scp-1.0, (tag-16-ok)
42019.515 Command Status: Scp-1.0, (tag-17-ok)
42019.566 1(18), enCcScpTimezoneExAct: 3103 0 1 1 1 0 0 0 ""
42019.580 Chnl-1, SCP-1.0 (32/0), (18) tx: 6B 00 17 00 02 06 1C 00 0B 00
42019.580 > 01 01 00 00 00 00 00 00 00 00 00
42019.589 1(19), enCcScpTimezoneExAct: 3103 0 1 2 0 0 0 0 ""
42019.635 Chnl-1, SCP-1.0 (32/0), (19) tx: 6B 00 17 00 03 06 1C 00 0B 00
42019.635 > 02 00 00 00 00 00 00 00 00 00 00
42019.635 Command Status: Scp-1.0, (tag-18-ok)
42019.698 Command Status: Scp-1.0, (tag-19-ok)
42021.147 Chnl-1, SCP-1.0 (32/0), (0) rx: 6B 80 1E 00 22 81 06 04 0E 00 C3 01 00 00
42021.148 > E4 21 C1 6A 0F 01 00 0C 02 0E 00 00 00 00
42021.148 Oct 03 22:40:20 SCP-1:451 TIMEZONE-1, 12:2 Activations = 0
42024.288 1(20), enCcTranSrq: 0402 1
42024.333 Chnl-1, SCP-1.0 (32/0), (20) tx: 6B 00 0C 00 01 01 06 00 00 00
42024.390 Chnl-1, SCP-1.0 (32/0), (20) rx: 6B 80 1D 00 21 81 05 00 11 00
42024.391 > 60 EA 00 00 01 00 00 00 C3 01 00 00 C3 01 00 00 00
42024.391 Command Status: Scp-1.0, (tag-20-ok)
42031.590 1(21), enCcTranSrq: 0402 1
42031.615 Chnl-1, SCP-1.0 (32/0), (21) tx: 6B 00 0C 00 01 01 06 00 00 00
42031.680 Chnl-1, SCP-1.0 (32/0), (21) rx: 6B 80 1D 00 21 81 05 00 11 00
42031.680 > 60 EA 00 00 01 00 00 00 C3 01 00 00 C3 01 00 00 00
42031.680 Command Status: Scp-1.0, (tag-21-ok)
42036.189 1(22), enCcTranSrq: 0402 1
42036.199 Chnl-1, SCP-1.0 (32/0), (22) tx: 6B 00 0C 00 03 01 06 00 00 00
42036.263 Chnl-1, SCP-1.0 (32/0), (22) rx: 6B 80 1D 00 23 81 05 00 11 00
42036.263 > 60 EA 00 00 01 00 00 00 C3 01 00 00 C3 01 00 00 00
42036.263 Command Status: Scp-1.0, (tag-22-ok)
42088.308 Chnl-1, SCP-1.0 (32/0), (0) rx: 6B 80 1B 00 23 81 06 04 0B 00 C4 01 00 00
42088.308 > 27 22 C1 6A 00 00 00 01 05 0B 00
42088.308 Oct 03 22:41:27 SCP-1:452 SCP DIAGNOSTICS-0, 1:5 error code = 0, Autosave complete (config)
43071.419 Shutting down debug Thread...
File closed Sat Oct  3 22:57:51 2026
Debug file SCPDEBUG.txt <SCPDEBUGc.txt> <SCPDEBUG.TXT> opened Sat Oct  3 22:58:41 2026
Begin - SCP Driver DLL (64-bit) version 4.7.1.43
43121.895 WSAStartup ok
43121.895 RNG_X931A24 Initialized
43121.895 1, enCcSystem: 011 1 1024 0 0 1
43121.988 1, enCcCreateChannel: 0012 1 7 3333 0 3000 0 "" 0
43122.123 listen(lsock) created socket=3352 on port 3333
43122.123 Listen Successful, port: 3333
43122.362  tcpIpAccept() lsock = 3352, sSock = 3364
43122.362 Connection accepted from [::ffff:192.168.0.100]:42262
43122.362 Found available channel object, Chnl-1
43122.362 Incoming socket connection assigned to Chnl-1 (highest available)
43122.362 Incoming socket connection attached to Channel 1, attaching temp SCP (state: 1, TLS State: 0)
43122.362 Chnl-1, SCP--1.0 (1/0), (0) tx: 6B 00 0C 00 00 01 02 00 00 00
43122.425 TempScp Rxd:  6B 80 58 00 30 81 03 00 4C 00 04 1B 02 07 35 92 0F 00 00 00 00 01 00 E5 48 00 31 26 C1 6A A0 86 01 00 00 00 00 00 00 00 00 00 00 00 01 00 00 00 00 00
43122.425 Caller's response: Reply 81-03, spc_ln 0x00, rec_ln: 0x4C, struct: 0x4C
43122.425 Attached incoming Scp-1 as Primary
43122.425 Buf Sizing: Baud Sw = 00, CommMode = 7, ScpRev = 20070 (27.2.7.0.0436), MinVer = 30031, max_txdb = 2952
43122.425 Chnl-1, SCP-1.0 (32/0), (0) rx: 6B 80 58 00 30 81 03 00 4C 00
43122.425 > 04 1B 02 07 35 92 0F 00 00 00 00 01 00 E5 48 00 31 26 C1 6A A0 86 01 00 00 00 00 00 00 00 00 00 00 00 01
43122.425 . 00 00 00 00 00 00 00 00 00 00 00 00 00 00 00 00 00 00 00 00 01 00 BA 9F 7C 9E 18 00 00 00 00 B4 01 00 00
43122.425 . 6D 01 32 00 00 00
43122.425 Chnl-1, SCP-1.0 (32/0), (0) tx: 6B 00 15 00 01 01 01 00 09 00
43122.425 > B0 0B 22 05 20 03 98 3A 00
43122.425 Reporting CommCoS:  Channel-1, SCP-1.0, Status = 2(1), Error = 0(0.6/6.6), Prim=3(1), Alt=0(0)
43122.457 8103 id report, SCP-1, Device=4.27, FW=2.70.436, SN=1020469, OEM=1, MAC=00:18:9E:7C:9F:BA, ram=4777216(16777216), cards=0(100000), DipCur=0, DipPwr=0, ID=1, Inputs=0,0,0, Hardware Components = 50
43122.533 Chnl-1, SCP-1.0 (32/0), (0) rx: 6B 80 1D 00 22 81 06 04 0D 00 C5 01 00 00
43122.533 > FE 25 C1 6A 00 00 00 01 02 0D 01 00 01
43122.533 Chnl-1, SCP-1.0 (32/0), (0) tx: 6B 00 10 00 03 02 01 00 04 00
43122.533 > FF FF FF FF
43122.533 Oct 03 15:57:50 SCP-1:453 SCP DIAGNOSTICS-0, 1:2 error code = 1, primary: 0(1), alternate: 0(0)
43124.216 1(3), enCcScpScp: 1107 0 1 0 0 0 0 3 60000 33 615 388 64 32000 1024 1024 -25200 0 255 255 128 -5536 0 0 1 0 0
43124.232 Chnl-1, SCP-1.0 (32/0), (1) tx: 6B 00 52 00 03 02 02 00 05 00
43124.232 > 01 18 00 00 00
43124.232 > 02 60 EA 00 00
43124.232 > 03 FC 03 00 00
43124.232 > 04 FF 00 00 00
43124.232 > 05 FF 00 00 00
43124.232 > 06 03 00 00 00
43124.232 > 07 21 00 00 00
43124.232 > 08 67 02 00 00
43124.232 > 09 84 01 00 00
43124.232 > 0A 40 00 00 00
43124.232 > 0C 00 7D 00 00
43124.232 > 0D 00 04 00 00
43124.232 > 0E 00 04 00 00
43124.232 > 10 01 00 00 00
43124.296 Chnl-1, SCP-1.0 (32/0), (2) tx: 6B 00 10 00 01 02 09 00 04 00
43124.296 > 80 00 80 00
43124.296 Command Status: Scp-1.0, (tag-1-ok)
43124.296 Chnl-1, SCP-1.0 (32/0), (3) tx: 6B 00 10 00 02 02 0A 00 04 00
43124.296 > 60 EA FF FF
43124.296 Command Status: Scp-1.0, (tag-2-ok)
43124.296 Command Status: Scp-1.0, (tag-3-ok)
43124.619 1(4), enCcWebConfigRead: 0900 1 2
43124.636 1(5), enCcWebConfigRead: 0900 1 3
43124.651 Chnl-1, SCP-1.0 (32/0), (4) tx: 6B 00 0C 00 01 09 27 00 00 00
43124.669 1(7), enCcScpAdbSpec: 1105 0 1 200000 8 9542 1 1 2 2 1 0 0 1 1 64 0 5 0 0 0 0 0 0 0 0 0 0 0 0 0 0 0 0 0 0 0 15 15 0 0 0
43124.669 1(8), enCcElAlvlSpc: 0501 0 1 256 128 0 0 0
43124.685 1(9), enCcTime: 0302 1 0
43124.702 1(10), enCcMsp1: 0108 0 1 0 3 -1 0 0 0
43124.702 1(12), enCcSio: 0109 0 1 0 7 4 4 196 0 0 -1 1 0 0 0 0 3 0 -1 -1 -1 0 0 0
43124.719 1(13), enCcTranIndex: 0303 1 -2
43124.735 1(14), enCcStrSRq: 1853 1 24 1 2 3 4 5 6 7 8 9 10 11 12 13 14 15 20 21 22 23 24 26 27 33 35
43124.810 Chnl-1, SCP-1.0 (32/0), (4) rx: 6B 80 79 01 21 81 0C 00 6D 01
43124.810 > 02 00 64 00 A8 C0 00 00 FF FF 01 00 A8 C0 4D 41 43 30 30 31 38 39 45 37 43 39 46 42 41 00 00 00 00 00 00
43124.810 . 00 00 00 00 00 00 00 00 00 00 00 00 00 00 00 00 00 00 00 00 00 00 00 00 00 00 00 00 00 00 00 00 00 00 00
43124.810 . 00 00 00 00 00 00 00 00 02 00 01 00 A8 C0 00 00 00 00 00 00 00 00 00 00 00 00 00 00 00 00 00 00 00 00 00
43124.810 . 00 00 00 00 00 00 00 00 00 00 00 00 00 00 00 00 00 00 00 00 00 00 00 00 00 00 00 00 00 00 00 00 00 00 00
43124.810 . 00 00 00 00 00 00 00 00 00 00 00 00 00 00 00 00 00 00 00 00 00 00 00 00 00 00 00 00 00 00 00 00 00 00 00
43124.810 . 00 00 00 00 00 00 00 00 00 00 00 00 00 00 00 00 00 00 00 00 00 00 00 00 00 00 00 00 00 00 00 00 00 00 00
43124.810 . 00 00 00 00 00 00 00 00 00 00 00 00 00 00 00 00 00 00 00 00 00 00 00 00 00 00 00 00 00 00 00 00 00 00 00
43124.810 . 00 00 00 00 00 00 00 00 00 00 00 00 00 00 00 00 00 00 00 00 00 00 00 00 00 00 00 00 00 00 00 00 00 00 00
43124.810 . 00 00 00 00 00 00 00 00 00 00 00 00 00 00 00 00 00 00 00 00 00 00 00 00 00 00 00 00 00 00 00 00 00 00 00
43124.810 . 00 00 00 00 00 00 00 00 00 00 00 00 00 00 00 00 00 00 00 00 00 00 00 00 00 00 00 00 00 00 00 00 00 00 00
43124.810 . 00 00 00 00 00 00 00 00 00 00 00 00 00 00 00
43124.810 Chnl-1, SCP-1.0 (32/0), (5) tx: 6B 00 0C 00 02 09 28 00 00 00
43124.810 Command Status: Scp-1.0, (tag-4-ok)
43124.811 WebConfigNetwork: SCP-1, Method = 2, IP Address: 192.168.0.100, Subnet Mask: 255.255.0.0, Default Gateway: 192.168.0.1, HostName: "MAC00189E7C9FBA", DNSType: 2, DNS: 192.168.0.1, DNS Suffix: ""
WebConfigNetwork: SCP-1, Method2 = 0, IP Address2: 0.0.0.0, Subnet Mask2: 0.0.0.0, Default Gateway2: 0.0.0.0, Tunnel Enable: 0, Tunnel IP: 0.0.0.0, Tunnel Port: 0
43124.816 Chnl-1, SCP-1.0 (32/0), (5) rx: 6B 80 1C 01 22 81 0D 00 10 01
43124.816 > 00 00 00 00 02 00 C7 00 A8 C0 05 0D 05 00 00 00 00 00 00 00 00 00 00 00 00 00 00 00 00 00 00 00 00 00 00
43124.816 . 00 00 00 00 00 00 00 00 00 00 00 00 00 00 00 00 00 00 00 00 00 00 00 00 00 00 00 00 00 00 00 00 00 00 00
43124.816 . 00 00 00 00 00 00 00 00 00 00 00 00 00 00 00 00 00 00 00 00 00 00 00 00 00 00 00 00 00 00 00 00 00 00 00
43124.816 . 00 00 00 00 00 00 00 00 00 00 00 00 00 00 00 00 00 00 00 00 00 00 00 00 00 00 00 00 00 00 00 00 00 00 00
43124.816 . 00 00 00 00 00 00 00 00 00 00 00 00 00 00 00 00 00 00 00 00 00 00 00 00 00 00 00 00 00 00 00 00 00 00 00
43124.816 . 00 00 00 00 00 00 00 00 00 00 00 00 00 00 00 00 00 00 00 00 00 00 00 00 00 00 00 00 00 00 00 00 00 00 00
43124.816 . 00 00 00 00 00 00 00 00 00 00 00 00 00 00 00 00 00 00 00 00 00 00 00 00 00 00 00 00 00 00 00 00 00 00 00
43124.816 . 00 00 00 00 00 00 00 00 00 00 00 00 00 00 00 00 00 00 00 00 00 00 00 00 00 00 00
43124.816 Chnl-1, SCP-1.0 (32/0), (6) tx: 6B 00 36 00 03 07 01 00 2A 00
43124.816 > 08 46 00 05 9F 12 40 25 00 00 00 00 00 00 00 00 00 00 00 00 00 00 00 00 00 00 00 00 00 00 00 00 00 00 00
43124.816 . 0F 0F 00 00 00 00 00
43124.816 Command Status: Scp-1.0, (tag-5-ok)
43124.818 WebConfigHostComm: SCP-1, PRIMARY, cType = 2, HostIP: 192.168.0.199, Port: 3333, rqIntvl: 5, connMode: 0, HostName: "", NIC1
43124.821 Chnl-1, SCP-1.0 (32/0), (7) tx: 6B 00 11 00 01 02 02 00 05 00
43124.821 > 0B 40 0D 03 00
43124.821 Command Status: Scp-1.0, (tag-6-ok)
43124.887 Chnl-1, SCP-1.0 (32/0), (7) rx: 6B 80 15 00 21 81 02 00 09 00
43124.887 > 04 00 00 00 00 01 11 00 00
43124.887 Chnl-1, SCP-1.0 (32/0), (8) tx: 6B 00 14 00 02 02 0B 00 08 00
43124.887 > 00 01 80 00 00 00 00 00
43124.887 Command Status: Scp-1.0, (tag-7-nak), NAK: reason:4, rec=0, descr_code=0x1101, description=Num Card count differs from previous allocation
43124.887 Chnl-1, SCP-1.0 (32/0), (9) tx: 6B 00 15 00 03 01 04 00 09 00
43124.887 > 34 26 C1 6A 90 9D FF FF 00
43124.887 Command Status: Scp-1.0, (tag-8-ok)
43124.954 Chnl-1, SCP-1.0 (32/0), (10) tx: 6B 00 15 00 01 03 01 00 09 00
43124.954 > 03 00 FF FF 5A 00 02 00 00
43124.954 Command Status: Scp-1.0, (tag-9-ok)
43124.954 Chnl-1, SCP-1.0 (32/0), (11) tx: 6B 00 22 00 02 03 02 00 16 00
43124.954 > 00 C4 00 00 00 00 00 FF FF FF FF 07 04 04 FF FF FF 00 00 00 00 00
43124.954 Command Status: Scp-1.0, (tag-10-ok)
43125.019 Chnl-1, SCP-1.0 (32/0), (12) tx: 6B 00 13 00 03 03 03 00 07 00
43125.019 > 00 01 00 00 00 03 00
43125.019 Command Status: Scp-1.0, (tag-11-ok)
43125.083 Chnl-1, SCP-1.0 (32/0), (13) tx: 6B 00 10 00 01 02 01 00 04 00
43125.083 > FE FF FF FF
43125.083 Command Status: Scp-1.0, (tag-12-ok)
43125.135 Command Status: Scp-1.0, (tag-13-ok)
43125.144 Chnl-1, SCP-1.0 (32/0), (0) rx: 6B 80 49 00 22 81 06 04 39 00 C6 01 00 00
43125.144 > 31 26 C1 6A 00 00 00 01 03 0D 00 01 00 34 26 C1 6A 00 00 00 7E 1C 2C 73 74 61 72 74 20 68 6F 73 74 20 63
43125.144 . 6F 6E 66 69 67 20 61 75 74 6F 73 61 76 65 21 20 30 78 30 33 30 33
43125.144 Chnl-1, SCP-1.0 (32/0), (14) tx: 6B 00 2D 00 03 09 23 00 21 00
43125.144 > 18 01 02 03 04 05 06 07 08 09 0A 0B 0C 0D 0E 0F 14 15 16 17 18 1A 1B 21 23 00 00 00 00 00 00 00 00
43125.144 Oct 03 22:58:41 SCP-1:454 SCP DIAGNOSTICS-0, 1:3 error code = 0, primary: 1(0), alternate: 0(0)
43125.146 Oct 03 22:58:44 SCP-1:455 SCP DIAGNOSTICS-0, 126:28 start host config autosave! 0x0303
43125.158 Chnl-1, SCP-1.0 (32/0), (14) rx: 6B 80 2D 01 23 91 23 00 21 01
43125.158 > 18 01 60 EA 00 C6 01 00 1A 00 02 00 01 00 00 01 00 10 00 03 FF 00 00 FF 00 00 04 00 04 28 00 00 28 00 00
43125.158 . 9C 4A 05 21 00 00 21 00 00 30 0B 06 67 02 00 67 02 00 20 00 07 84 01 00 84 01 00 1C 00 08 40 00 00 40 00
43125.158 . 00 20 09 09 00 7D 00 00 7D 00 40 00 0A 00 04 00 00 04 00 28 00 0B 00 04 00 00 04 00 04 00 0C 80 00 00 80
43125.158 . 00 00 04 01 0D 80 00 00 80 00 00 28 00 0E 00 01 00 00 01 00 80 00 0F A0 86 01 00 00 00 78 00 14 07 00 00
43125.158 . 32 0D 00 00 02 15 00 00 00 B4 01 00 09 00 16 00 00 00 03 00 00 05 00 17 00 00 60 A7 CE 2C 00 00 C8 00 00
43125.158 . 00 00 E5 48 01 00 1A 00 01 00 00 01 00 C4 00 1B 00 00 10 00 00 00 00 00 21 0A 00 00 00 00 00 00 00 23 00
43125.158 . 00 00 00 00 00 00 00 00 00 00 00 00 00 00 00 00 00 00 00 00 00 00 00 00 00 00 00 00 00 00 00 00 00 00 00
43125.158 . 00 00 00 00 00 00 00 00 00 00 00 00 00 00 00 00 00 00 00 00 00 00 00 00 00 00 00 00 00 00 00 00 00 00 00
43125.158 . 00 00 00 00 00 00 00 00 00
43125.158 Command Status: Scp-1.0, (tag-14-ok)
43125.158 ConfigRead: 0020 SCP-1, Number of Items Sent: 24
43125.158    StructId-01, nRecords=60000, nRecSize=026, nActive=00454
43125.158    StructId-02, nRecords=00256, nRecSize=016, nActive=00256
43125.158    StructId-03, nRecords=00255, nRecSize=004, nActive=00255
43125.158    StructId-04, nRecords=00040, nRecSize=19100, nActive=00040
43125.158    StructId-05, nRecords=00033, nRecSize=2864, nActive=00033
43125.158    StructId-06, nRecords=00615, nRecSize=032, nActive=00615
43125.158    StructId-07, nRecords=00388, nRecSize=028, nActive=00388
43125.158    StructId-08, nRecords=00064, nRecSize=2336, nActive=00064
43125.158    StructId-09, nRecords=32000, nRecSize=064, nActive=32000
43125.158    StructId-10, nRecords=01024, nRecSize=040, nActive=01024
43125.158    StructId-11, nRecords=01024, nRecSize=004, nActive=01024
43125.158    StructId-12, nRecords=00128, nRecSize=260, nActive=00128
43125.158    StructId-13, nRecords=00128, nRecSize=040, nActive=00128
43125.158    StructId-14, nRecords=00256, nRecSize=128, nActive=00256
43125.158    StructId-15, nRecords=100000, nRecSize=120, nActive=00000
43125.158    StructId-20, nRecords=00007, nRecSize=512, nActive=03378
43125.158    StructId-21, nRecords=00000, nRecSize=009, nActive=00436
43125.158    StructId-22, nRecords=00000, nRecSize=005, nActive=00003
43125.158    StructId-23, nRecords=6291456, nRecSize=000, nActive=2936487
43125.158    StructId-24, nRecords=16777216, nRecSize=000, nActive=4777216
43125.158    StructId-26, nRecords=00256, nRecSize=196, nActive=00256
43125.158    StructId-27, nRecords=1048576, nRecSize=000, nActive=00000
43125.158    StructId-33, nRecords=00010, nRecSize=000, nActive=00000
43125.158    StructId-35, nRecords=00000, nRecSize=000, nActive=00000
43125.347 1(15), enCcMsp1: 0108 0 1 1 1 0 0 0 0
43125.353 1(15), enCcMsp1: 0108 0 1 2 2 0 0 0 0
43125.385 Chnl-1, SCP-1.0 (32/0), (15) tx: 6B 00 1E 00 02 03 01 00 09 00
43125.385 > 01 01 00 00 5A 00 02 00 00
43125.385 > 02 02 00 00 5A 00 02 00 00
43125.440 1(16), enCcScpTimezoneExAct: 3103 0 1 1 1 0 0 0 ""
43125.450 Chnl-1, SCP-1.0 (32/0), (16) tx: 6B 00 17 00 03 06 1C 00 0B 00
43125.450 > 01 01 00 00 00 00 00 00 00 00 00
43125.450 Command Status: Scp-1.0, (tag-15-ok)
43125.450 1(17), enCcScpTimezoneExAct: 3103 0 1 2 0 0 0 0 ""
43125.517 Chnl-1, SCP-1.0 (32/0), (17) tx: 6B 00 17 00 01 06 1C 00 0B 00
43125.517 > 02 00 00 00 00 00 00 00 00 00 00
43125.517 Command Status: Scp-1.0, (tag-16-ok)
43125.582 Command Status: Scp-1.0, (tag-17-ok)
43193.747 Chnl-1, SCP-1.0 (32/0), (0) rx: 6B 80 1B 00 21 81 06 04 0B 00 C8 01 00 00
43193.747 > 78 26 C1 6A 00 00 00 01 05 0B 00
43193.747 Oct 03 22:59:52 SCP-1:456 SCP DIAGNOSTICS-0, 1:5 error code = 0, Autosave complete (config)
43626.550 1(18), enCcTranSrq: 0402 1
43626.602 Chnl-1, SCP-1.0 (32/0), (18) tx: 6B 00 0C 00 02 01 06 00 00 00
43626.654 Chnl-1, SCP-1.0 (32/0), (18) rx: 6B 80 1D 00 22 81 05 00 11 00
43626.654 > 60 EA 00 00 01 00 00 00 C8 01 00 00 C8 01 00 00 00
43626.654 Command Status: Scp-1.0, (tag-18-ok)
43680.190 1(19), enCcTranSrq: 0402 1
43680.273 Chnl-1, SCP-1.0 (32/0), (19) tx: 6B 00 0C 00 02 01 06 00 00 00
43680.325 Chnl-1, SCP-1.0 (32/0), (19) rx: 6B 80 1D 00 22 81 05 00 11 00
43680.325 > 60 EA 00 00 01 00 00 00 C8 01 00 00 C8 01 00 00 00
43680.325 Command Status: Scp-1.0, (tag-19-ok)
43683.907 1(20), enCcSioSrq: 0404 1 1 1
43683.945 Chnl-1, SCP-1.0 (32/0), (20) tx: 6B 00 10 00 01 09 02 00 04 00
43683.945 > 01 00 01 00
43684.009 Chnl-1, SCP-1.0 (32/0), (20) rx: 6B 80 6B 00 21 91 02 02 5D 00 01 00
43684.009 > 01 00 00 00 00 00 08 08 00 00 00 00 00 00 00 00 00 00 00 00 00 00 00 00 00 00 00 00 00 00 00 00 00 00 00
43684.009 . 00 00 00 00 00 00 00 00 00 00 00 00 00 00 00 00 00 00 00 00 00 00 00 00 00 00 00 00 00 00 00 00 00 00 00
43684.009 . 00 00 00 00 00 00 00 00 00 00 00 00 00 00 00 00 00 00 00 00 00 00 00
43684.009 Command Status: Scp-1.0, (tag-20-ok)
45065.270 Shutting down debug Thread...
File closed Sat Oct  3 23:31:05 2026
Debug file SCPDEBUG.txt <SCPDEBUGc.txt> <SCPDEBUG.TXT> opened Sat Oct  3 23:31:51 2026
Begin - SCP Driver DLL (64-bit) version 4.7.1.43
45111.490 WSAStartup ok
45111.496 RNG_X931A24 Initialized
45111.496 1, enCcSystem: 011 1 1024 0 0 1
45111.590 1, enCcCreateChannel: 0012 1 7 3333 0 3000 0 "" 0
45111.767 listen(lsock) created socket=3372 on port 3333
45111.767 Listen Successful, port: 3333
45115.918  tcpIpAccept() lsock = 3372, sSock = 3384
45115.918 Connection accepted from [::ffff:192.168.0.100]:49654
45115.918 Found available channel object, Chnl-1
45115.918 Incoming socket connection assigned to Chnl-1 (highest available)
45115.918 Incoming socket connection attached to Channel 1, attaching temp SCP (state: 1, TLS State: 0)
45115.918 Chnl-1, SCP--1.0 (1/0), (0) tx: 6B 00 0C 00 00 01 02 00 00 00
45115.980 TempScp Rxd:  6B 80 58 00 30 81 03 00 4C 00 04 1B 02 07 35 92 0F 00 00 00 00 01 00 E5 48 00 FA 2D C1 6A A0 86 01 00 00 00 00 00 00 00 00 00 00 00 01 00 00 00 00 00
45115.980 Caller's response: Reply 81-03, spc_ln 0x00, rec_ln: 0x4C, struct: 0x4C
45115.980 Attached incoming Scp-1 as Primary
45115.980 Buf Sizing: Baud Sw = 00, CommMode = 7, ScpRev = 20070 (27.2.7.0.0436), MinVer = 30031, max_txdb = 2952
45115.980 Chnl-1, SCP-1.0 (32/0), (0) rx: 6B 80 58 00 30 81 03 00 4C 00
45115.981 > 04 1B 02 07 35 92 0F 00 00 00 00 01 00 E5 48 00 FA 2D C1 6A A0 86 01 00 00 00 00 00 00 00 00 00 00 00 01
45115.981 . 00 00 00 00 00 00 00 00 00 00 00 00 00 00 00 00 00 00 00 00 01 00 BA 9F 7C 9E 18 00 00 00 00 B4 01 00 00
45115.981 . 6D 01 32 00 00 00
45115.981 Chnl-1, SCP-1.0 (32/0), (0) tx: 6B 00 15 00 01 01 01 00 09 00
45115.981 > B0 0B 22 05 20 03 98 3A 00
45115.981 Reporting CommCoS:  Channel-1, SCP-1.0, Status = 2(1), Error = 0(0.6/6.6), Prim=3(1), Alt=0(0)
45115.996 8103 id report, SCP-1, Device=4.27, FW=2.70.436, SN=1020469, OEM=1, MAC=00:18:9E:7C:9F:BA, ram=4777216(16777216), cards=0(100000), DipCur=0, DipPwr=0, ID=1, Inputs=0,0,0, Hardware Components = 50
45116.069 Chnl-1, SCP-1.0 (32/0), (0) rx: 6B 80 1D 00 22 81 06 04 0D 00 C9 01 00 00
45116.069 > C8 2D C1 6A 00 00 00 01 02 0D 01 00 01
45116.069 Chnl-1, SCP-1.0 (32/0), (0) tx: 6B 00 10 00 03 02 01 00 04 00
45116.069 > FF FF FF FF
45116.069 Oct 03 16:31:04 SCP-1:457 SCP DIAGNOSTICS-0, 1:2 error code = 1, primary: 0(1), alternate: 0(0)
45117.367 1(3), enCcScpScp: 1107 0 1 0 0 0 0 3 60000 33 615 388 64 32000 1024 1024 -25200 0 255 255 128 -5536 0 0 1 0 0
45117.398 Chnl-1, SCP-1.0 (32/0), (1) tx: 6B 00 52 00 03 02 02 00 05 00
45117.398 > 01 18 00 00 00
45117.398 > 02 60 EA 00 00
45117.398 > 03 FC 03 00 00
45117.398 > 04 FF 00 00 00
45117.398 > 05 FF 00 00 00
45117.398 > 06 03 00 00 00
45117.398 > 07 21 00 00 00
45117.398 > 08 67 02 00 00
45117.398 > 09 84 01 00 00
45117.398 > 0A 40 00 00 00
45117.398 > 0C 00 7D 00 00
45117.398 > 0D 00 04 00 00
45117.398 > 0E 00 04 00 00
45117.398 > 10 01 00 00 00
45117.461 Chnl-1, SCP-1.0 (32/0), (2) tx: 6B 00 10 00 01 02 09 00 04 00
45117.461 > 80 00 80 00
45117.461 Command Status: Scp-1.0, (tag-1-ok)
45117.514 Chnl-1, SCP-1.0 (32/0), (3) tx: 6B 00 10 00 02 02 0A 00 04 00
45117.514 > 60 EA FF FF
45117.514 Command Status: Scp-1.0, (tag-2-ok)
45117.514 Command Status: Scp-1.0, (tag-3-ok)
45117.697 1(4), enCcWebConfigRead: 0900 1 2
45117.719 1(5), enCcWebConfigRead: 0900 1 3
45117.746 1(7), enCcScpAdbSpec: 1105 0 1 200000 8 9542 1 1 2 2 1 0 0 1 1 64 0 5 0 0 0 0 0 0 0 0 0 0 0 0 0 0 0 0 0 0 0 15 15 0 0 0
45117.749 Chnl-1, SCP-1.0 (32/0), (4) tx: 6B 00 0C 00 01 09 27 00 00 00
45117.756 1(8), enCcElAlvlSpc: 0501 0 1 256 128 0 0 0
45117.756 1(9), enCcTime: 0302 1 0
45117.787 1(10), enCcMsp1: 0108 0 1 0 3 -1 0 0 0
45117.803 1(12), enCcSio: 0109 0 1 0 7 4 4 196 0 0 -1 1 0 0 0 0 3 0 -1 -1 -1 0 0 0
45117.803 1(13), enCcTranIndex: 0303 1 -2
45117.819 1(14), enCcStrSRq: 1853 1 24 1 2 3 4 5 6 7 8 9 10 11 12 13 14 15 20 21 22 23 24 26 27 33 35
45117.904 Chnl-1, SCP-1.0 (32/0), (4) rx: 6B 80 79 01 21 81 0C 00 6D 01
45117.904 > 02 00 64 00 A8 C0 00 00 FF FF 01 00 A8 C0 4D 41 43 30 30 31 38 39 45 37 43 39 46 42 41 00 00 00 00 00 00
45117.904 . 00 00 00 00 00 00 00 00 00 00 00 00 00 00 00 00 00 00 00 00 00 00 00 00 00 00 00 00 00 00 00 00 00 00 00
45117.904 . 00 00 00 00 00 00 00 00 02 00 01 00 A8 C0 00 00 00 00 00 00 00 00 00 00 00 00 00 00 00 00 00 00 00 00 00
45117.904 . 00 00 00 00 00 00 00 00 00 00 00 00 00 00 00 00 00 00 00 00 00 00 00 00 00 00 00 00 00 00 00 00 00 00 00
45117.904 . 00 00 00 00 00 00 00 00 00 00 00 00 00 00 00 00 00 00 00 00 00 00 00 00 00 00 00 00 00 00 00 00 00 00 00
45117.904 . 00 00 00 00 00 00 00 00 00 00 00 00 00 00 00 00 00 00 00 00 00 00 00 00 00 00 00 00 00 00 00 00 00 00 00
45117.904 . 00 00 00 00 00 00 00 00 00 00 00 00 00 00 00 00 00 00 00 00 00 00 00 00 00 00 00 00 00 00 00 00 00 00 00
45117.904 . 00 00 00 00 00 00 00 00 00 00 00 00 00 00 00 00 00 00 00 00 00 00 00 00 00 00 00 00 00 00 00 00 00 00 00
45117.904 . 00 00 00 00 00 00 00 00 00 00 00 00 00 00 00 00 00 00 00 00 00 00 00 00 00 00 00 00 00 00 00 00 00 00 00
45117.904 . 00 00 00 00 00 00 00 00 00 00 00 00 00 00 00 00 00 00 00 00 00 00 00 00 00 00 00 00 00 00 00 00 00 00 00
45117.904 . 00 00 00 00 00 00 00 00 00 00 00 00 00 00 00
45117.904 Chnl-1, SCP-1.0 (32/0), (5) tx: 6B 00 0C 00 02 09 28 00 00 00
45117.904 Command Status: Scp-1.0, (tag-4-ok)
45117.904 WebConfigNetwork: SCP-1, Method = 2, IP Address: 192.168.0.100, Subnet Mask: 255.255.0.0, Default Gateway: 192.168.0.1, HostName: "MAC00189E7C9FBA", DNSType: 2, DNS: 192.168.0.1, DNS Suffix: ""
WebConfigNetwork: SCP-1, Method2 = 0, IP Address2: 0.0.0.0, Subnet Mask2: 0.0.0.0, Default Gateway2: 0.0.0.0, Tunnel Enable: 0, Tunnel IP: 0.0.0.0, Tunnel Port: 0
45117.969 Chnl-1, SCP-1.0 (32/0), (5) rx: 6B 80 1C 01 22 81 0D 00 10 01
45117.969 > 00 00 00 00 02 00 C7 00 A8 C0 05 0D 05 00 00 00 00 00 00 00 00 00 00 00 00 00 00 00 00 00 00 00 00 00 00
45117.969 . 00 00 00 00 00 00 00 00 00 00 00 00 00 00 00 00 00 00 00 00 00 00 00 00 00 00 00 00 00 00 00 00 00 00 00
45117.969 . 00 00 00 00 00 00 00 00 00 00 00 00 00 00 00 00 00 00 00 00 00 00 00 00 00 00 00 00 00 00 00 00 00 00 00
45117.969 . 00 00 00 00 00 00 00 00 00 00 00 00 00 00 00 00 00 00 00 00 00 00 00 00 00 00 00 00 00 00 00 00 00 00 00
45117.969 . 00 00 00 00 00 00 00 00 00 00 00 00 00 00 00 00 00 00 00 00 00 00 00 00 00 00 00 00 00 00 00 00 00 00 00
45117.969 . 00 00 00 00 00 00 00 00 00 00 00 00 00 00 00 00 00 00 00 00 00 00 00 00 00 00 00 00 00 00 00 00 00 00 00
45117.969 . 00 00 00 00 00 00 00 00 00 00 00 00 00 00 00 00 00 00 00 00 00 00 00 00 00 00 00 00 00 00 00 00 00 00 00
45117.969 . 00 00 00 00 00 00 00 00 00 00 00 00 00 00 00 00 00 00 00 00 00 00 00 00 00 00 00
45117.969 Chnl-1, SCP-1.0 (32/0), (6) tx: 6B 00 36 00 03 07 01 00 2A 00
45117.969 > 08 46 00 05 9F 12 40 25 00 00 00 00 00 00 00 00 00 00 00 00 00 00 00 00 00 00 00 00 00 00 00 00 00 00 00
45117.969 . 0F 0F 00 00 00 00 00
45117.969 Command Status: Scp-1.0, (tag-5-ok)
45117.971 WebConfigHostComm: SCP-1, PRIMARY, cType = 2, HostIP: 192.168.0.199, Port: 3333, rqIntvl: 5, connMode: 0, HostName: "", NIC1
45117.974 Chnl-1, SCP-1.0 (32/0), (7) tx: 6B 00 11 00 01 02 02 00 05 00
45117.974 > 0B 40 0D 03 00
45117.974 Command Status: Scp-1.0, (tag-6-ok)
45118.026 Chnl-1, SCP-1.0 (32/0), (7) rx: 6B 80 15 00 21 81 02 00 09 00
45118.026 > 04 00 00 00 00 01 11 00 00
45118.026 Chnl-1, SCP-1.0 (32/0), (8) tx: 6B 00 14 00 02 02 0B 00 08 00
45118.026 > 00 01 80 00 00 00 00 00
45118.026 Command Status: Scp-1.0, (tag-7-nak), NAK: reason:4, rec=0, descr_code=0x1101, description=Num Card count differs from previous allocation
45118.085 Chnl-1, SCP-1.0 (32/0), (9) tx: 6B 00 15 00 03 01 04 00 09 00
45118.085 > FE 2D C1 6A 90 9D FF FF 00
45118.085 Command Status: Scp-1.0, (tag-8-ok)
45118.137 Chnl-1, SCP-1.0 (32/0), (10) tx: 6B 00 15 00 01 03 01 00 09 00
45118.137 > 03 00 FF FF 5A 00 02 00 00
45118.137 Command Status: Scp-1.0, (tag-9-ok)
45118.202 Chnl-1, SCP-1.0 (32/0), (11) tx: 6B 00 22 00 02 03 02 00 16 00
45118.202 > 00 C4 00 00 00 00 00 FF FF FF FF 07 04 04 FF FF FF 00 00 00 00 00
45118.202 Command Status: Scp-1.0, (tag-10-ok)
45118.268 Chnl-1, SCP-1.0 (32/0), (12) tx: 6B 00 13 00 03 03 03 00 07 00
45118.268 > 00 01 00 00 00 03 00
45118.268 Command Status: Scp-1.0, (tag-11-ok)
45118.319 Chnl-1, SCP-1.0 (32/0), (13) tx: 6B 00 10 00 01 02 01 00 04 00
45118.319 > FE FF FF FF
45118.319 Command Status: Scp-1.0, (tag-12-ok)
45118.370 Command Status: Scp-1.0, (tag-13-ok)
45118.435 Chnl-1, SCP-1.0 (32/0), (0) rx: 6B 80 49 00 22 81 06 04 39 00 CA 01 00 00
45118.435 > FB 2D C1 6A 00 00 00 01 03 0D 00 01 00 FE 2D C1 6A 00 00 00 7E 1C 2C 73 74 61 72 74 20 68 6F 73 74 20 63
45118.435 . 6F 6E 66 69 67 20 61 75 74 6F 73 61 76 65 21 20 30 78 30 33 30 33
45118.435 Chnl-1, SCP-1.0 (32/0), (14) tx: 6B 00 2D 00 03 09 23 00 21 00
45118.435 > 18 01 02 03 04 05 06 07 08 09 0A 0B 0C 0D 0E 0F 14 15 16 17 18 1A 1B 21 23 00 00 00 00 00 00 00 00
45118.435 Oct 03 23:31:55 SCP-1:458 SCP DIAGNOSTICS-0, 1:3 error code = 0, primary: 1(0), alternate: 0(0)
45118.437 Oct 03 23:31:58 SCP-1:459 SCP DIAGNOSTICS-0, 126:28 start host config autosave! 0x0303
45118.442 Chnl-1, SCP-1.0 (32/0), (14) rx: 6B 80 2D 01 23 91 23 00 21 01
45118.442 > 18 01 60 EA 00 CA 01 00 1A 00 02 00 01 00 00 01 00 10 00 03 FF 00 00 FF 00 00 04 00 04 28 00 00 28 00 00
45118.442 . 9C 4A 05 21 00 00 21 00 00 30 0B 06 67 02 00 67 02 00 20 00 07 84 01 00 84 01 00 1C 00 08 40 00 00 40 00
45118.442 . 00 20 09 09 00 7D 00 00 7D 00 40 00 0A 00 04 00 00 04 00 28 00 0B 00 04 00 00 04 00 04 00 0C 80 00 00 80
45118.442 . 00 00 04 01 0D 80 00 00 80 00 00 28 00 0E 00 01 00 00 01 00 80 00 0F A0 86 01 00 00 00 78 00 14 07 00 00
45118.442 . 32 0D 00 00 02 15 00 00 00 B4 01 00 09 00 16 00 00 00 03 00 00 05 00 17 00 00 60 A7 CE 2C 00 00 C8 00 00
45118.442 . 00 00 E5 48 01 00 1A 00 01 00 00 01 00 C4 00 1B 00 00 10 00 00 00 00 00 21 0A 00 00 00 00 00 00 00 23 00
45118.442 . 00 00 00 00 00 00 00 00 00 00 00 00 00 00 00 00 00 00 00 00 00 00 00 00 00 00 00 00 00 00 00 00 00 00 00
45118.442 . 00 00 00 00 00 00 00 00 00 00 00 00 00 00 00 00 00 00 00 00 00 00 00 00 00 00 00 00 00 00 00 00 00 00 00
45118.442 . 00 00 00 00 00 00 00 00 00
45118.442 Command Status: Scp-1.0, (tag-14-ok)
45118.442 ConfigRead: 0020 SCP-1, Number of Items Sent: 24
45118.442    StructId-01, nRecords=60000, nRecSize=026, nActive=00458
45118.442    StructId-02, nRecords=00256, nRecSize=016, nActive=00256
45118.442    StructId-03, nRecords=00255, nRecSize=004, nActive=00255
45118.442    StructId-04, nRecords=00040, nRecSize=19100, nActive=00040
45118.442    StructId-05, nRecords=00033, nRecSize=2864, nActive=00033
45118.442    StructId-06, nRecords=00615, nRecSize=032, nActive=00615
45118.442    StructId-07, nRecords=00388, nRecSize=028, nActive=00388
45118.442    StructId-08, nRecords=00064, nRecSize=2336, nActive=00064
45118.442    StructId-09, nRecords=32000, nRecSize=064, nActive=32000
45118.442    StructId-10, nRecords=01024, nRecSize=040, nActive=01024
45118.442    StructId-11, nRecords=01024, nRecSize=004, nActive=01024
45118.442    StructId-12, nRecords=00128, nRecSize=260, nActive=00128
45118.442    StructId-13, nRecords=00128, nRecSize=040, nActive=00128
45118.442    StructId-14, nRecords=00256, nRecSize=128, nActive=00256
45118.442    StructId-15, nRecords=100000, nRecSize=120, nActive=00000
45118.442    StructId-20, nRecords=00007, nRecSize=512, nActive=03378
45118.442    StructId-21, nRecords=00000, nRecSize=009, nActive=00436
45118.442    StructId-22, nRecords=00000, nRecSize=005, nActive=00003
45118.442    StructId-23, nRecords=6291456, nRecSize=000, nActive=2936487
45118.442    StructId-24, nRecords=16777216, nRecSize=000, nActive=4777216
45118.442    StructId-26, nRecords=00256, nRecSize=196, nActive=00256
45118.442    StructId-27, nRecords=1048576, nRecSize=000, nActive=00000
45118.442    StructId-33, nRecords=00010, nRecSize=000, nActive=00000
45118.442    StructId-35, nRecords=00000, nRecSize=000, nActive=00000
45118.622 1(15), enCcMsp1: 0108 0 1 1 1 0 0 0 0
45118.622 1(15), enCcMsp1: 0108 0 1 2 2 0 0 0 0
45118.669 Chnl-1, SCP-1.0 (32/0), (15) tx: 6B 00 1E 00 02 03 01 00 09 00
45118.669 > 01 01 00 00 5A 00 02 00 00
45118.669 > 02 02 00 00 5A 00 02 00 00
45118.699 1(16), enCcScpTimezoneExAct: 3103 0 1 1 1 0 0 0 ""
45118.703 1(16), enCcScpTimezoneExAct: 3103 0 1 2 0 0 0 0 ""
45118.735 Chnl-1, SCP-1.0 (32/0), (16) tx: 6B 00 22 00 03 06 1C 00 0B 00
45118.735 > 01 01 00 00 00 00 00 00 00 00 00
45118.735 > 02 00 00 00 00 00 00 00 00 00 00
45118.735 Command Status: Scp-1.0, (tag-15-ok)
45118.787 Command Status: Scp-1.0, (tag-16-ok)
45126.267 1(17), enCcTranSrq: 0402 1
45126.325 Chnl-1, SCP-1.0 (32/0), (17) tx: 6B 00 0C 00 03 01 06 00 00 00
45126.381 Chnl-1, SCP-1.0 (32/0), (17) rx: 6B 80 1D 00 23 81 05 00 11 00
45126.381 > 60 EA 00 00 01 00 00 00 CB 01 00 00 CB 01 00 00 00
45126.381 Command Status: Scp-1.0, (tag-17-ok)
45132.249 1(18), enCcSioSrq: 0404 1 1 1
45132.262 Chnl-1, SCP-1.0 (32/0), (18) tx: 6B 00 10 00 03 09 02 00 04 00
45132.262 > 01 00 01 00
45132.317 Chnl-1, SCP-1.0 (32/0), (18) rx: 6B 80 6B 00 23 91 02 02 5D 00 01 00
45132.317 > 01 00 00 00 00 00 08 08 00 00 00 00 00 00 00 00 00 00 00 00 00 00 00 00 00 00 00 00 00 00 00 00 00 00 00
45132.317 . 00 00 00 00 00 00 00 00 00 00 00 00 00 00 00 00 00 00 00 00 00 00 00 00 00 00 00 00 00 00 00 00 00 00 00
45132.317 . 00 00 00 00 00 00 00 00 00 00 00 00 00 00 00 00 00 00 00 00 00 00 00
45132.318 Command Status: Scp-1.0, (tag-18-ok)
45186.917 Chnl-1, SCP-1.0 (32/0), (0) rx: 6B 80 1B 00 23 81 06 04 0B 00 CC 01 00 00
45186.917 > 42 2E C1 6A 00 00 00 01 05 0B 00
45186.917 Oct 03 23:33:06 SCP-1:460 SCP DIAGNOSTICS-0, 1:5 error code = 0, Autosave complete (config)
45269.139 1(19), enCcSioSrq: 0404 1 1 1
45269.196 Chnl-1, SCP-1.0 (32/0), (19) tx: 6B 00 10 00 03 09 02 00 04 00
45269.196 > 01 00 01 00
45269.261 Chnl-1, SCP-1.0 (32/0), (19) rx: 6B 80 6B 00 23 91 02 02 5D 00 01 00
45269.261 > 01 00 00 00 00 00 08 08 00 00 00 00 00 00 00 00 00 00 00 00 00 00 00 00 00 00 00 00 00 00 00 00 00 00 00
45269.261 . 00 00 00 00 00 00 00 00 00 00 00 00 00 00 00 00 00 00 00 00 00 00 00 00 00 00 00 00 00 00 00 00 00 00 00
45269.261 . 00 00 00 00 00 00 00 00 00 00 00 00 00 00 00 00 00 00 00 00 00 00 00
45269.261 Command Status: Scp-1.0, (tag-19-ok)
45457.223 1(20), enCcSioSrq: 0404 1 1 1
45457.241 Chnl-1, SCP-1.0 (32/0), (20) tx: 6B 00 10 00 03 09 02 00 04 00
45457.241 > 01 00 01 00
45457.300 Chnl-1, SCP-1.0 (32/0), (20) rx: 6B 80 6B 00 23 91 02 02 5D 00 01 00
45457.300 > 01 00 00 00 00 00 08 08 00 00 00 00 00 00 00 00 00 00 00 00 00 00 00 00 00 00 00 00 00 00 00 00 00 00 00
45457.300 . 00 00 00 00 00 00 00 00 00 00 00 00 00 00 00 00 00 00 00 00 00 00 00 00 00 00 00 00 00 00 00 00 00 00 00
45457.300 . 00 00 00 00 00 00 00 00 00 00 00 00 00 00 00 00 00 00 00 00 00 00 00
45457.300 Command Status: Scp-1.0, (tag-20-ok)
45548.631 1(21), enCcSioSrq: 0404 1 1 1
45548.654 Chnl-1, SCP-1.0 (32/0), (21) tx: 6B 00 10 00 02 09 02 00 04 00
45548.654 > 01 00 01 00
45548.713 Chnl-1, SCP-1.0 (32/0), (21) rx: 6B 80 6B 00 22 91 02 02 5D 00 01 00
45548.713 > 01 00 00 00 00 00 08 08 00 00 00 00 00 00 00 00 00 00 00 00 00 00 00 00 00 00 00 00 00 00 00 00 00 00 00
45548.713 . 00 00 00 00 00 00 00 00 00 00 00 00 00 00 00 00 00 00 00 00 00 00 00 00 00 00 00 00 00 00 00 00 00 00 00
45548.713 . 00 00 00 00 00 00 00 00 00 00 00 00 00 00 00 00 00 00 00 00 00 00 00
45548.713 Command Status: Scp-1.0, (tag-21-ok)
45695.169 1(22), enCcSioSrq: 0404 1 1 1
45695.214 Chnl-1, SCP-1.0 (32/0), (22) tx: 6B 00 10 00 03 09 02 00 04 00
45695.214 > 01 00 01 00
45695.279 Chnl-1, SCP-1.0 (32/0), (22) rx: 6B 80 6B 00 23 91 02 02 5D 00 01 00
45695.279 > 01 00 00 00 00 00 08 08 00 00 00 00 00 00 00 00 00 00 00 00 00 00 00 00 00 00 00 00 00 00 00 00 00 00 00
45695.279 . 00 00 00 00 00 00 00 00 00 00 00 00 00 00 00 00 00 00 00 00 00 00 00 00 00 00 00 00 00 00 00 00 00 00 00
45695.280 . 00 00 00 00 00 00 00 00 00 00 00 00 00 00 00 00 00 00 00 00 00 00 00
45695.280 Command Status: Scp-1.0, (tag-22-ok)
45724.849 1(23), enCcTranSrq: 0402 1
45724.880 Chnl-1, SCP-1.0 (32/0), (23) tx: 6B 00 0C 00 01 01 06 00 00 00
45724.943 Chnl-1, SCP-1.0 (32/0), (23) rx: 6B 80 1D 00 21 81 05 00 11 00
45724.943 > 60 EA 00 00 01 00 00 00 CC 01 00 00 CC 01 00 00 00
45724.943 Command Status: Scp-1.0, (tag-23-ok)
45802.732 1(24), enCcSioSrq: 0404 1 1 1
45802.776 Chnl-1, SCP-1.0 (32/0), (24) tx: 6B 00 10 00 03 09 02 00 04 00
45802.776 > 01 00 01 00
45802.833 Chnl-1, SCP-1.0 (32/0), (24) rx: 6B 80 6B 00 23 91 02 02 5D 00 01 00
45802.833 > 01 00 00 00 00 00 08 08 00 00 00 00 00 00 00 00 00 00 00 00 00 00 00 00 00 00 00 00 00 00 00 00 00 00 00
45802.833 . 00 00 00 00 00 00 00 00 00 00 00 00 00 00 00 00 00 00 00 00 00 00 00 00 00 00 00 00 00 00 00 00 00 00 00
45802.833 . 00 00 00 00 00 00 00 00 00 00 00 00 00 00 00 00 00 00 00 00 00 00 00
45802.833 Command Status: Scp-1.0, (tag-24-ok)
45878.518 1(25), enCcTranSrq: 0402 1
45878.550 Chnl-1, SCP-1.0 (32/0), (25) tx: 6B 00 0C 00 02 01 06 00 00 00
45878.603 Chnl-1, SCP-1.0 (32/0), (25) rx: 6B 80 1D 00 22 81 05 00 11 00
45878.603 > 60 EA 00 00 01 00 00 00 CC 01 00 00 CC 01 00 00 00
45878.604 Command Status: Scp-1.0, (tag-25-ok)
45882.566 1(25), enCcReset: 0301 1 
45882.574 Chnl-1, SCP-1.0 (32/0), (0) tx: 6B 00 0C 00 01 01 07 00 00 00
45882.676 1(26), enCcTranSrq: 0402 1
45883.024 socket closed and trying to read, Chnl-1
45883.024 Chnl-1, SCP-1.0 (32/0), (26) tx: 6B 00 0C 00 02 01 06 00 00 00
45883.089 Socket recv on Socket-3384: failed, Chnl-1, Error: 10053 (An established connection was aborted by the software in your host machine. )
45883.089 Chnl-1, RxByte socket error
45883.089 RxErr-1, Chnl-1, Scp-1.0:  00 00 00 00 00 00 00 00 00 00 00 00 00 00 00 00 00 00 00 00
45883.089 scpCloseChannelSock(): Closing Socket-3384, Chnl-1
45883.089 Receive Error: 1 (broken), Chnl=1, Scp=1.0 (ctag=26),
45883.089 SCP detach: found it, detaching it, SCP-1, Chnl-1
45883.089 Setting SCP-1 for delete on IP Client detach
45883.089 Reporting CommCoS:  Channel--1, SCP-1.0, Status = 1(2), Error = 6(6.0/6.6), Prim=0(3), Alt=0(0)
45883.089 Found SCP-1 to be deleted on detach, but related to valid message, skip for now
45883.091 Command Status: Scp-1, (tag-26-discarded)
45883.091 Found SCP-1 to be deleted on detach, but related to valid message, skip for now
45883.091 Found SCP-1 to be deleted on detach, calling scpDeleteScp
45883.091 SCP detach: this SCP is already detached - nothing to do, SCP-1, Chnl-0
45883.152 Did not find any SCPs to delete on detach, clear pending delete flag
45911.221  tcpIpAccept() lsock = 3372, sSock = 3600
45911.221 Connection accepted from [::ffff:192.168.0.100]:58526
45911.221 Found available channel object, Chnl-1
45911.221 Incoming socket connection assigned to Chnl-1 (highest available)
45911.222 Incoming socket connection attached to Channel 1, attaching temp SCP (state: 1, TLS State: 0)
45911.222 Chnl-1, SCP--1.0 (1/0), (0) tx: 6B 00 0C 00 00 01 02 00 00 00
45911.285 TempScp Rxd:  6B 80 58 00 20 81 03 00 4C 00 04 1B 02 07 35 92 0F 00 00 00 00 01 00 00 00 01 16 31 C1 6A 00 00 00 00 00 00 00 00 00 00 00 00 00 00 01 00 00 00 00 00
45911.285 Caller's response: Reply 81-03, spc_ln 0x00, rec_ln: 0x4C, struct: 0x4C
45911.285 Attached incoming Scp-1 as Primary
45911.285 Buf Sizing: Baud Sw = 00, CommMode = 7, ScpRev = 20070 (27.2.7.0.0436), MinVer = 30031, max_txdb = 2952
45911.285 Chnl-1, SCP-1.0 (32/0), (0) rx: 6B 80 58 00 20 81 03 00 4C 00
45911.285 > 04 1B 02 07 35 92 0F 00 00 00 00 01 00 00 00 01 16 31 C1 6A 00 00 00 00 00 00 00 00 00 00 00 00 00 00 01
45911.285 . 00 00 00 00 00 00 00 00 00 00 00 00 00 00 00 00 00 00 00 00 01 00 BA 9F 7C 9E 18 00 00 00 00 B4 01 00 00
45911.285 . 6D 01 32 00 00 00
45911.285 Chnl-1, SCP-1.0 (32/0), (0) tx: 6B 00 15 00 01 01 01 00 09 00
45911.285 > B0 0B 22 05 20 03 98 3A 00
45911.285 Reporting CommCoS:  Channel-1, SCP-1.0, Status = 2(1), Error = 0(0.6/6.6), Prim=3(1), Alt=0(0)
45911.287 8103 id report, SCP-1, Device=4.27, FW=2.70.436, SN=1020469, OEM=1, MAC=00:18:9E:7C:9F:BA, ram=16777216(16777216), cards=0(0), DipCur=0, DipPwr=0, ID=1, Inputs=0,0,0, Hardware Components = 50
45911.291 1(3), enCcScpScp: 1107 0 1 0 0 0 0 3 60000 33 615 388 64 32000 1024 1024 -25200 0 255 255 128 -5536 0 0 1 0 0
45911.291 1(4), enCcWebConfigRead: 0900 1 2
45911.306 1(5), enCcWebConfigRead: 0900 1 3
45911.310 1(7), enCcScpAdbSpec: 1105 0 1 200000 8 9542 1 1 2 2 1 0 0 1 1 64 0 5 0 0 0 0 0 0 0 0 0 0 0 0 0 0 0 0 0 0 0 15 15 0 0 0
45911.310 1(8), enCcElAlvlSpc: 0501 0 1 256 128 0 0 0
45911.310 1(9), enCcTime: 0302 1 0
45911.320 1(10), enCcMsp1: 0108 0 1 0 3 -1 0 0 0
45911.324 1(12), enCcSio: 0109 0 1 0 7 4 4 196 0 0 -1 1 0 0 0 0 3 0 -1 -1 -1 0 0 0
45911.327 1(13), enCcTranIndex: 0303 1 -2
45911.330 1(14), enCcStrSRq: 1853 1 24 1 2 3 4 5 6 7 8 9 10 11 12 13 14 15 20 21 22 23 24 26 27 33 35
45911.404 Chnl-1, SCP-1.0 (32/0), (0) tx: 6B 00 10 00 03 02 01 00 04 00
45911.404 > FF FF FF FF
45911.469 Chnl-1, SCP-1.0 (32/0), (1) tx: 6B 00 52 00 01 02 02 00 05 00
45911.469 > 01 18 00 00 00
45911.469 > 02 60 EA 00 00
45911.469 > 03 FC 03 00 00
45911.469 > 04 FF 00 00 00
45911.469 > 05 FF 00 00 00
45911.469 > 06 03 00 00 00
45911.469 > 07 21 00 00 00
45911.469 > 08 67 02 00 00
45911.469 > 09 84 01 00 00
45911.469 > 0A 40 00 00 00
45911.469 > 0C 00 7D 00 00
45911.469 > 0D 00 04 00 00
45911.469 > 0E 00 04 00 00
45911.469 > 10 01 00 00 00
45911.532 Command Status: Scp-1.0, (tag-1-ok)
45911.585 Chnl-1, SCP-1.0 (32/0), (0) rx: 6B 80 3C 00 22 81 06 04 2C 00 01 00 00 00
45911.585 > 16 31 C1 6A 00 00 00 7E 1C 2C 73 74 61 72 74 20 68 6F 73 74 20 63 6F 6E 66 69 67 20 61 75 74 6F 73 61 76
45911.585 . 65 21 20 30 78 30 32 30 32
45911.585 Chnl-1, SCP-1.0 (32/0), (2) tx: 6B 00 10 00 03 02 09 00 04 00
45911.586 > 80 00 80 00
45911.586 Oct 03 23:45:10 SCP-1:1 SCP DIAGNOSTICS-0, 126:28 start host config autosave! 0x0202
45911.652 Chnl-1, SCP-1.0 (32/0), (3) tx: 6B 00 10 00 01 02 0A 00 04 00
45911.652 > 60 EA FF FF
45911.652 Command Status: Scp-1.0, (tag-2-ok)
45911.703 Chnl-1, SCP-1.0 (32/0), (4) tx: 6B 00 0C 00 02 09 27 00 00 00
45911.703 Command Status: Scp-1.0, (tag-3-ok)
45912.038 Chnl-1, SCP-1.0 (32/0), (4) rx: 6B 80 79 01 22 81 0C 00 6D 01
45912.038 > 02 00 64 00 A8 C0 00 00 FF FF 01 00 A8 C0 4D 41 43 30 30 31 38 39 45 37 43 39 46 42 41 00 00 00 00 00 00
45912.038 . 00 00 00 00 00 00 00 00 00 00 00 00 00 00 00 00 00 00 00 00 00 00 00 00 00 00 00 00 00 00 00 00 00 00 00
45912.038 . 00 00 00 00 00 00 00 00 02 00 01 00 A8 C0 00 00 00 00 00 00 00 00 00 00 00 00 00 00 00 00 00 00 00 00 00
45912.038 . 00 00 00 00 00 00 00 00 00 00 00 00 00 00 00 00 00 00 00 00 00 00 00 00 00 00 00 00 00 00 00 00 00 00 00
45912.038 . 00 00 00 00 00 00 00 00 00 00 00 00 00 00 00 00 00 00 00 00 00 00 00 00 00 00 00 00 00 00 00 00 00 00 00
45912.038 . 00 00 00 00 00 00 00 00 00 00 00 00 00 00 00 00 00 00 00 00 00 00 00 00 00 00 00 00 00 00 00 00 00 00 00
45912.038 . 00 00 00 00 00 00 00 00 00 00 00 00 00 00 00 00 00 00 00 00 00 00 00 00 00 00 00 00 00 00 00 00 00 00 00
45912.038 . 00 00 00 00 00 00 00 00 00 00 00 00 00 00 00 00 00 00 00 00 00 00 00 00 00 00 00 00 00 00 00 00 00 00 00
45912.038 . 00 00 00 00 00 00 00 00 00 00 00 00 00 00 00 00 00 00 00 00 00 00 00 00 00 00 00 00 00 00 00 00 00 00 00
45912.038 . 00 00 00 00 00 00 00 00 00 00 00 00 00 00 00 00 00 00 00 00 00 00 00 00 00 00 00 00 00 00 00 00 00 00 00
45912.038 . 00 00 00 00 00 00 00 00 00 00 00 00 00 00 00
45912.038 Chnl-1, SCP-1.0 (32/0), (5) tx: 6B 00 0C 00 03 09 28 00 00 00
45912.038 Command Status: Scp-1.0, (tag-4-ok)
45912.038 WebConfigNetwork: SCP-1, Method = 2, IP Address: 192.168.0.100, Subnet Mask: 255.255.0.0, Default Gateway: 192.168.0.1, HostName: "MAC00189E7C9FBA", DNSType: 2, DNS: 192.168.0.1, DNS Suffix: ""
WebConfigNetwork: SCP-1, Method2 = 0, IP Address2: 0.0.0.0, Subnet Mask2: 0.0.0.0, Default Gateway2: 0.0.0.0, Tunnel Enable: 0, Tunnel IP: 0.0.0.0, Tunnel Port: 0
45912.103 Chnl-1, SCP-1.0 (32/0), (5) rx: 6B 80 1C 01 23 81 0D 00 10 01
45912.103 > 00 00 00 00 02 00 C7 00 A8 C0 05 0D 05 00 00 00 00 00 00 00 00 00 00 00 00 00 00 00 00 00 00 00 00 00 00
45912.103 . 00 00 00 00 00 00 00 00 00 00 00 00 00 00 00 00 00 00 00 00 00 00 00 00 00 00 00 00 00 00 00 00 00 00 00
45912.103 . 00 00 00 00 00 00 00 00 00 00 00 00 00 00 00 00 00 00 00 00 00 00 00 00 00 00 00 00 00 00 00 00 00 00 00
45912.103 . 00 00 00 00 00 00 00 00 00 00 00 00 00 00 00 00 00 00 00 00 00 00 00 00 00 00 00 00 00 00 00 00 00 00 00
45912.103 . 00 00 00 00 00 00 00 00 00 00 00 00 00 00 00 00 00 00 00 00 00 00 00 00 00 00 00 00 00 00 00 00 00 00 00
45912.103 . 00 00 00 00 00 00 00 00 00 00 00 00 00 00 00 00 00 00 00 00 00 00 00 00 00 00 00 00 00 00 00 00 00 00 00
45912.103 . 00 00 00 00 00 00 00 00 00 00 00 00 00 00 00 00 00 00 00 00 00 00 00 00 00 00 00 00 00 00 00 00 00 00 00
45912.103 . 00 00 00 00 00 00 00 00 00 00 00 00 00 00 00 00 00 00 00 00 00 00 00 00 00 00 00
45912.103 Chnl-1, SCP-1.0 (32/0), (6) tx: 6B 00 36 00 01 07 01 00 2A 00
45912.103 > 08 46 00 05 9F 12 40 25 00 00 00 00 00 00 00 00 00 00 00 00 00 00 00 00 00 00 00 00 00 00 00 00 00 00 00
45912.103 . 0F 0F 00 00 00 00 00
45912.103 Command Status: Scp-1.0, (tag-5-ok)
45912.104 WebConfigHostComm: SCP-1, PRIMARY, cType = 2, HostIP: 192.168.0.199, Port: 3333, rqIntvl: 5, connMode: 0, HostName: "", NIC1
45912.157 Chnl-1, SCP-1.0 (32/0), (7) tx: 6B 00 11 00 02 02 02 00 05 00
45912.157 > 0B 40 0D 03 00
45912.157 Command Status: Scp-1.0, (tag-6-ok)
45912.220 Chnl-1, SCP-1.0 (32/0), (7) rx: 6B 80 15 00 22 81 02 00 09 00
45912.220 > 04 00 00 00 00 02 11 00 00
45912.220 Chnl-1, SCP-1.0 (32/0), (8) tx: 6B 00 14 00 03 02 0B 00 08 00
45912.220 > 00 01 80 00 00 00 00 00
45912.220 Command Status: Scp-1.0, (tag-7-nak), NAK: reason:4, rec=0, descr_code=0x1102, description=Num Card allocation failure
45912.273 Chnl-1, SCP-1.0 (32/0), (9) tx: 6B 00 15 00 01 01 04 00 09 00
45912.273 > 18 31 C1 6A 90 9D FF FF 00
45912.273 Command Status: Scp-1.0, (tag-8-ok)
45912.338 Chnl-1, SCP-1.0 (32/0), (10) tx: 6B 00 15 00 02 03 01 00 09 00
45912.338 > 03 00 FF FF 5A 00 02 00 00
45912.338 Command Status: Scp-1.0, (tag-9-ok)
45912.391 Chnl-1, SCP-1.0 (32/0), (11) tx: 6B 00 22 00 03 03 02 00 16 00
45912.391 > 00 C4 00 00 00 00 00 FF FF FF FF 07 04 04 FF FF FF 00 00 00 00 00
45912.391 Command Status: Scp-1.0, (tag-10-ok)
45912.442 Chnl-1, SCP-1.0 (32/0), (12) tx: 6B 00 13 00 01 03 03 00 07 00
45912.442 > 00 01 00 00 00 03 00
45912.442 Command Status: Scp-1.0, (tag-11-ok)
45912.503 Chnl-1, SCP-1.0 (32/0), (13) tx: 6B 00 10 00 02 02 01 00 04 00
45912.503 > FE FF FF FF
45912.503 Command Status: Scp-1.0, (tag-12-ok)
45912.569 Command Status: Scp-1.0, (tag-13-ok)
45912.622 Chnl-1, SCP-1.0 (32/0), (0) rx: 6B 80 39 00 23 81 06 04 29 00 02 00 00 00
45912.622 > 17 31 C1 6A 04 00 00 02 05 29 03 C4 05 FF FF FF FF D9 00 C4 01 00 00 00 00 52 00 FF FF 00 00 00 00 00 00
45912.622 . 00 00 00 00 00 00
45912.622 Chnl-1, SCP-1.0 (32/0), (14) tx: 6B 00 2D 00 01 09 23 00 21 00
45912.622 > 18 01 02 03 04 05 06 07 08 09 0A 0B 0C 0D 0E 0F 14 15 16 17 18 1A 1B 21 23 00 00 00 00 00 00 00 00
45912.622 Oct 03 23:45:11 SCP-1:2 SIO COMM-0, 2:5 Sts=03, Mdl=196.5, sn=-1, h/w=217.0, ProdId=196.1, OEM=-1, Boot=0.0.0, Ldr=0.0.0, App=0.5.2 Encryption = None, Key Status = Not Loaded to EP, HW Comp: 0
45912.690 Chnl-1, SCP-1.0 (32/0), (14) rx: 6B 80 2D 01 21 91 23 00 21 01
45912.690 > 18 01 60 EA 00 01 00 00 1A 00 02 00 01 00 00 01 00 10 00 03 FF 00 00 FF 00 00 04 00 04 28 00 00 28 00 00
45912.690 . 9C 4A 05 21 00 00 21 00 00 30 0B 06 67 02 00 67 02 00 20 00 07 84 01 00 84 01 00 1C 00 08 40 00 00 40 00
45912.690 . 00 20 09 09 00 7D 00 00 7D 00 40 00 0A 00 04 00 00 04 00 28 00 0B 00 04 00 00 04 00 04 00 0C 80 00 00 80
45912.690 . 00 00 04 01 0D 80 00 00 80 00 00 28 00 0E 00 01 00 00 01 00 80 00 0F 22 22 02 00 00 00 78 00 14 07 00 00
45912.690 . 32 0D 00 00 02 15 00 00 00 B4 01 00 09 00 16 00 00 00 03 00 00 05 00 17 00 00 60 A7 CE 2C 00 00 C8 00 00
45912.690 . 00 00 00 00 01 00 1A 00 01 00 00 01 00 C4 00 1B 00 00 10 00 00 00 00 00 21 0A 00 00 00 00 00 00 00 23 00
45912.690 . 00 00 00 00 00 00 00 00 00 00 00 00 00 00 00 00 00 00 00 00 00 00 00 00 00 00 00 00 00 00 00 00 00 00 00
45912.690 . 00 00 00 00 00 00 00 00 00 00 00 00 00 00 00 00 00 00 00 00 00 00 00 00 00 00 00 00 00 00 00 00 00 00 00
45912.690 . 00 00 00 00 00 00 00 00 00
45912.690 Command Status: Scp-1.0, (tag-14-ok)
45912.690 ConfigRead: 0020 SCP-1, Number of Items Sent: 24
45912.691    StructId-01, nRecords=60000, nRecSize=026, nActive=00001
45912.691    StructId-02, nRecords=00256, nRecSize=016, nActive=00256
45912.691    StructId-03, nRecords=00255, nRecSize=004, nActive=00255
45912.691    StructId-04, nRecords=00040, nRecSize=19100, nActive=00040
45912.691    StructId-05, nRecords=00033, nRecSize=2864, nActive=00033
45912.691    StructId-06, nRecords=00615, nRecSize=032, nActive=00615
45912.691    StructId-07, nRecords=00388, nRecSize=028, nActive=00388
45912.691    StructId-08, nRecords=00064, nRecSize=2336, nActive=00064
45912.691    StructId-09, nRecords=32000, nRecSize=064, nActive=32000
45912.691    StructId-10, nRecords=01024, nRecSize=040, nActive=01024
45912.691    StructId-11, nRecords=01024, nRecSize=004, nActive=01024
45912.691    StructId-12, nRecords=00128, nRecSize=260, nActive=00128
45912.691    StructId-13, nRecords=00128, nRecSize=040, nActive=00128
45912.691    StructId-14, nRecords=00256, nRecSize=128, nActive=00256
45912.691    StructId-15, nRecords=139810, nRecSize=120, nActive=00000
45912.691    StructId-20, nRecords=00007, nRecSize=512, nActive=03378
45912.691    StructId-21, nRecords=00000, nRecSize=009, nActive=00436
45912.691    StructId-22, nRecords=00000, nRecSize=005, nActive=00003
45912.691    StructId-23, nRecords=6291456, nRecSize=000, nActive=2936487
45912.691    StructId-24, nRecords=16777216, nRecSize=000, nActive=00000
45912.691    StructId-26, nRecords=00256, nRecSize=196, nActive=00256
45912.691    StructId-27, nRecords=1048576, nRecSize=000, nActive=00000
45912.691    StructId-33, nRecords=00010, nRecSize=000, nActive=00000
45912.691    StructId-35, nRecords=00000, nRecSize=000, nActive=00000
45912.705 1(15), enCcMsp1: 0108 0 1 1 1 0 0 0 0
45912.712 1(15), enCcMsp1: 0108 0 1 2 2 0 0 0 0
45912.722 1(16), enCcScpTimezoneExAct: 3103 0 1 1 1 0 0 0 ""
45912.724 1(16), enCcScpTimezoneExAct: 3103 0 1 2 0 0 0 0 ""
45912.752 Chnl-1, SCP-1.0 (32/0), (15) tx: 6B 00 1E 00 03 03 01 00 09 00
45912.752 > 01 01 00 00 5A 00 02 00 00
45912.752 > 02 02 00 00 5A 00 02 00 00
45912.803 Chnl-1, SCP-1.0 (32/0), (16) tx: 6B 00 22 00 01 06 1C 00 0B 00
45912.803 > 01 01 00 00 00 00 00 00 00 00 00
45912.803 > 02 00 00 00 00 00 00 00 00 00 00
45912.803 Command Status: Scp-1.0, (tag-15-ok)
45912.857 Command Status: Scp-1.0, (tag-16-ok)
45913.602 Chnl-1, SCP-1.0 (32/0), (0) rx: 6B 80 2C 00 23 81 06 04 1C 00 03 00 00 00
45913.602 > 19 31 C1 6A 0F 02 00 0C 01 0E 00 00 00 00 19 31 C1 6A 0F 01 00 0C 02 0E 00 00 00 00
45913.602 Oct 03 23:45:13 SCP-1:3 TIMEZONE-2, 12:1 Activations = 0
45913.604 Oct 03 23:45:13 SCP-1:4 TIMEZONE-1, 12:2 Activations = 0
45964.120 1(17), enCcTranSrq: 0402 1
45964.171 Chnl-1, SCP-1.0 (32/0), (17) tx: 6B 00 0C 00 03 01 06 00 00 00
45964.227 Chnl-1, SCP-1.0 (32/0), (17) rx: 6B 80 1D 00 23 81 05 00 11 00
45964.227 > 60 EA 00 00 01 00 00 00 04 00 00 00 04 00 00 00 00
45964.227 Command Status: Scp-1.0, (tag-17-ok)
45968.453 1(17), enCcReset: 0301 1 
45968.508 Chnl-1, SCP-1.0 (32/0), (0) tx: 6B 00 0C 00 02 01 07 00 00 00
45968.533 1(18), enCcTranSrq: 0402 1
45969.170 RxErr-1, Chnl-1, Scp-1.0:  00 00 00 00 00 00 00 00 00 00 00 00 00 00 00 00 00 00 00 00
45969.170 Chnl-1, Scp-1.0, Retry-1:  6B 00 0C 00 02 01 07 00 00 00 A7 EC FF FF 00 00 00 00 00 00
45969.851 RxErr-1, Chnl-1, Scp-1.0:  00 00 00 00 00 00 00 00 00 00 00 00 00 00 00 00 00 00 00 00
45969.851 scpCloseChannelSock(): Closing Socket-3600, Chnl-1
45969.851 Receive Error: 1 (broken), Chnl=1, Scp=1.0 (ctag=0),
45969.851 SCP detach: found it, detaching it, SCP-1, Chnl-1
45969.851 Setting SCP-1 for delete on IP Client detach
45969.851 Reporting CommCoS:  Channel--1, SCP-1.0, Status = 1(2), Error = 6(6.0/6.6), Prim=0(3), Alt=0(0)
45969.851 Found SCP-1 to be deleted on detach, but related to valid message, skip for now
45969.853 Command Status: Scp-1, (tag-18-discarded)
45969.854 Found SCP-1 to be deleted on detach, but related to valid message, skip for now
45969.854 Found SCP-1 to be deleted on detach, calling scpDeleteScp
45969.854 SCP detach: this SCP is already detached - nothing to do, SCP-1, Chnl-0
45969.905 Did not find any SCPs to delete on detach, clear pending delete flag
45997.081  tcpIpAccept() lsock = 3372, sSock = 3744
45997.081 Connection accepted from [::ffff:192.168.0.100]:60610
45997.081 Found available channel object, Chnl-1
45997.081 Incoming socket connection assigned to Chnl-1 (highest available)
45997.081 Incoming socket connection attached to Channel 1, attaching temp SCP (state: 1, TLS State: 0)
45997.081 Chnl-1, SCP--1.0 (1/0), (0) tx: 6B 00 0C 00 00 01 02 00 00 00
45997.144 TempScp Rxd:  6B 80 58 00 20 81 03 00 4C 00 04 1B 02 07 35 92 0F 00 00 00 00 01 00 00 00 01 6C 31 C1 6A 00 00 00 00 00 00 00 00 00 00 00 00 00 00 01 00 00 00 00 00
45997.144 Caller's response: Reply 81-03, spc_ln 0x00, rec_ln: 0x4C, struct: 0x4C
45997.144 Attached incoming Scp-1 as Primary
45997.144 Buf Sizing: Baud Sw = 00, CommMode = 7, ScpRev = 20070 (27.2.7.0.0436), MinVer = 30031, max_txdb = 2952
45997.144 Chnl-1, SCP-1.0 (32/0), (0) rx: 6B 80 58 00 20 81 03 00 4C 00
45997.144 > 04 1B 02 07 35 92 0F 00 00 00 00 01 00 00 00 01 6C 31 C1 6A 00 00 00 00 00 00 00 00 00 00 00 00 00 00 01
45997.144 . 00 00 00 00 00 00 00 00 00 00 00 00 00 00 00 00 00 00 00 00 01 00 BA 9F 7C 9E 18 00 00 00 00 B4 01 00 00
45997.144 . 6D 01 32 00 00 00
45997.144 Chnl-1, SCP-1.0 (32/0), (0) tx: 6B 00 15 00 01 01 01 00 09 00
45997.144 > B0 0B 22 05 20 03 98 3A 00
45997.144 Reporting CommCoS:  Channel-1, SCP-1.0, Status = 2(1), Error = 0(0.6/6.6), Prim=3(1), Alt=0(0)
45997.145 8103 id report, SCP-1, Device=4.27, FW=2.70.436, SN=1020469, OEM=1, MAC=00:18:9E:7C:9F:BA, ram=16777216(16777216), cards=0(0), DipCur=0, DipPwr=0, ID=1, Inputs=0,0,0, Hardware Components = 50
45997.153 1(3), enCcScpScp: 1107 0 1 0 0 0 0 3 60000 33 615 388 64 32000 1024 1024 -25200 0 255 255 128 -5536 0 0 1 0 0
45997.161 1(4), enCcWebConfigRead: 0900 1 2
45997.165 1(5), enCcWebConfigRead: 0900 1 3
45997.170 1(7), enCcScpAdbSpec: 1105 0 1 100000 8 9542 1 1 2 2 1 0 0 1 1 64 0 5 0 0 0 0 0 0 0 0 0 0 0 0 0 0 0 0 0 0 0 15 15 0 0 0
45997.173 1(8), enCcElAlvlSpc: 0501 0 1 256 128 0 0 0
45997.173 1(9), enCcTime: 0302 1 0
45997.173 1(10), enCcMsp1: 0108 0 1 0 3 -1 0 0 0
45997.185 1(12), enCcSio: 0109 0 1 0 7 4 4 196 0 0 -1 1 0 0 0 0 3 0 -1 -1 -1 0 0 0
45997.185 1(13), enCcTranIndex: 0303 1 -2
45997.192 1(14), enCcStrSRq: 1853 1 24 1 2 3 4 5 6 7 8 9 10 11 12 13 14 15 20 21 22 23 24 26 27 33 35
45997.265 Chnl-1, SCP-1.0 (32/0), (0) tx: 6B 00 10 00 03 02 01 00 04 00
45997.265 > FF FF FF FF
45997.328 Chnl-1, SCP-1.0 (32/0), (1) tx: 6B 00 52 00 01 02 02 00 05 00
45997.328 > 01 18 00 00 00
45997.328 > 02 60 EA 00 00
45997.328 > 03 FC 03 00 00
45997.329 > 04 FF 00 00 00
45997.329 > 05 FF 00 00 00
45997.329 > 06 03 00 00 00
45997.329 > 07 21 00 00 00
45997.329 > 08 67 02 00 00
45997.329 > 09 84 01 00 00
45997.329 > 0A 40 00 00 00
45997.329 > 0C 00 7D 00 00
45997.329 > 0D 00 04 00 00
45997.329 > 0E 00 04 00 00
45997.329 > 10 01 00 00 00
45997.381 Command Status: Scp-1.0, (tag-1-ok)
45997.433 Chnl-1, SCP-1.0 (32/0), (0) rx: 6B 80 3C 00 22 81 06 04 2C 00 01 00 00 00
45997.433 > 6C 31 C1 6A 00 00 00 7E 1C 2C 73 74 61 72 74 20 68 6F 73 74 20 63 6F 6E 66 69 67 20 61 75 74 6F 73 61 76
45997.433 . 65 21 20 30 78 30 32 30 32
45997.433 Chnl-1, SCP-1.0 (32/0), (2) tx: 6B 00 10 00 03 02 09 00 04 00
45997.433 > 80 00 80 00
45997.433 Oct 03 23:46:36 SCP-1:1 SCP DIAGNOSTICS-0, 126:28 start host config autosave! 0x0202
45997.441 Chnl-1, SCP-1.0 (32/0), (3) tx: 6B 00 10 00 01 02 0A 00 04 00
45997.441 > 60 EA FF FF
45997.441 Command Status: Scp-1.0, (tag-2-ok)
45997.498 Chnl-1, SCP-1.0 (32/0), (4) tx: 6B 00 0C 00 02 09 27 00 00 00
45997.498 Command Status: Scp-1.0, (tag-3-ok)
45997.833 Chnl-1, SCP-1.0 (32/0), (4) rx: 6B 80 79 01 22 81 0C 00 6D 01
45997.833 > 02 00 64 00 A8 C0 00 00 FF FF 01 00 A8 C0 4D 41 43 30 30 31 38 39 45 37 43 39 46 42 41 00 00 00 00 00 00
45997.833 . 00 00 00 00 00 00 00 00 00 00 00 00 00 00 00 00 00 00 00 00 00 00 00 00 00 00 00 00 00 00 00 00 00 00 00
45997.833 . 00 00 00 00 00 00 00 00 02 00 01 00 A8 C0 00 00 00 00 00 00 00 00 00 00 00 00 00 00 00 00 00 00 00 00 00
45997.833 . 00 00 00 00 00 00 00 00 00 00 00 00 00 00 00 00 00 00 00 00 00 00 00 00 00 00 00 00 00 00 00 00 00 00 00
45997.833 . 00 00 00 00 00 00 00 00 00 00 00 00 00 00 00 00 00 00 00 00 00 00 00 00 00 00 00 00 00 00 00 00 00 00 00
45997.833 . 00 00 00 00 00 00 00 00 00 00 00 00 00 00 00 00 00 00 00 00 00 00 00 00 00 00 00 00 00 00 00 00 00 00 00
45997.833 . 00 00 00 00 00 00 00 00 00 00 00 00 00 00 00 00 00 00 00 00 00 00 00 00 00 00 00 00 00 00 00 00 00 00 00
45997.833 . 00 00 00 00 00 00 00 00 00 00 00 00 00 00 00 00 00 00 00 00 00 00 00 00 00 00 00 00 00 00 00 00 00 00 00
45997.833 . 00 00 00 00 00 00 00 00 00 00 00 00 00 00 00 00 00 00 00 00 00 00 00 00 00 00 00 00 00 00 00 00 00 00 00
45997.833 . 00 00 00 00 00 00 00 00 00 00 00 00 00 00 00 00 00 00 00 00 00 00 00 00 00 00 00 00 00 00 00 00 00 00 00
45997.833 . 00 00 00 00 00 00 00 00 00 00 00 00 00 00 00
45997.833 Chnl-1, SCP-1.0 (32/0), (5) tx: 6B 00 0C 00 03 09 28 00 00 00
45997.833 Command Status: Scp-1.0, (tag-4-ok)
45997.833 WebConfigNetwork: SCP-1, Method = 2, IP Address: 192.168.0.100, Subnet Mask: 255.255.0.0, Default Gateway: 192.168.0.1, HostName: "MAC00189E7C9FBA", DNSType: 2, DNS: 192.168.0.1, DNS Suffix: ""
WebConfigNetwork: SCP-1, Method2 = 0, IP Address2: 0.0.0.0, Subnet Mask2: 0.0.0.0, Default Gateway2: 0.0.0.0, Tunnel Enable: 0, Tunnel IP: 0.0.0.0, Tunnel Port: 0
45997.836 Chnl-1, SCP-1.0 (32/0), (5) rx: 6B 80 1C 01 23 81 0D 00 10 01
45997.836 > 00 00 00 00 02 00 C7 00 A8 C0 05 0D 05 00 00 00 00 00 00 00 00 00 00 00 00 00 00 00 00 00 00 00 00 00 00
45997.836 . 00 00 00 00 00 00 00 00 00 00 00 00 00 00 00 00 00 00 00 00 00 00 00 00 00 00 00 00 00 00 00 00 00 00 00
45997.836 . 00 00 00 00 00 00 00 00 00 00 00 00 00 00 00 00 00 00 00 00 00 00 00 00 00 00 00 00 00 00 00 00 00 00 00
45997.836 . 00 00 00 00 00 00 00 00 00 00 00 00 00 00 00 00 00 00 00 00 00 00 00 00 00 00 00 00 00 00 00 00 00 00 00
45997.836 . 00 00 00 00 00 00 00 00 00 00 00 00 00 00 00 00 00 00 00 00 00 00 00 00 00 00 00 00 00 00 00 00 00 00 00
45997.836 . 00 00 00 00 00 00 00 00 00 00 00 00 00 00 00 00 00 00 00 00 00 00 00 00 00 00 00 00 00 00 00 00 00 00 00
45997.836 . 00 00 00 00 00 00 00 00 00 00 00 00 00 00 00 00 00 00 00 00 00 00 00 00 00 00 00 00 00 00 00 00 00 00 00
45997.836 . 00 00 00 00 00 00 00 00 00 00 00 00 00 00 00 00 00 00 00 00 00 00 00 00 00 00 00
45997.836 Chnl-1, SCP-1.0 (32/0), (6) tx: 6B 00 36 00 01 07 01 00 2A 00
45997.836 > 08 46 00 05 9F 12 40 25 00 00 00 00 00 00 00 00 00 00 00 00 00 00 00 00 00 00 00 00 00 00 00 00 00 00 00
45997.836 . 0F 0F 00 00 00 00 00
45997.836 Command Status: Scp-1.0, (tag-5-ok)
45997.836 WebConfigHostComm: SCP-1, PRIMARY, cType = 2, HostIP: 192.168.0.199, Port: 3333, rqIntvl: 5, connMode: 0, HostName: "", NIC1
45997.900 Chnl-1, SCP-1.0 (32/0), (7) tx: 6B 00 11 00 02 02 02 00 05 00
45997.900 > 0B A0 86 01 00
45997.900 Command Status: Scp-1.0, (tag-6-ok)
45997.966 Chnl-1, SCP-1.0 (32/0), (8) tx: 6B 00 14 00 03 02 0B 00 08 00
45997.966 > 00 01 80 00 00 00 00 00
45997.966 Command Status: Scp-1.0, (tag-7-ok)
45998.032 Chnl-1, SCP-1.0 (32/0), (9) tx: 6B 00 15 00 01 01 04 00 09 00
45998.032 > 6E 31 C1 6A 90 9D FF FF 00
45998.032 Command Status: Scp-1.0, (tag-8-ok)
45998.083 Chnl-1, SCP-1.0 (32/0), (10) tx: 6B 00 15 00 02 03 01 00 09 00
45998.083 > 03 00 FF FF 5A 00 02 00 00
45998.083 Command Status: Scp-1.0, (tag-9-ok)
45998.148 Chnl-1, SCP-1.0 (32/0), (11) tx: 6B 00 22 00 03 03 02 00 16 00
45998.148 > 00 C4 00 00 00 00 00 FF FF FF FF 07 04 04 FF FF FF 00 00 00 00 00
45998.148 Command Status: Scp-1.0, (tag-10-ok)
45998.199 Chnl-1, SCP-1.0 (32/0), (12) tx: 6B 00 13 00 01 03 03 00 07 00
45998.199 > 00 01 00 00 00 03 00
45998.199 Command Status: Scp-1.0, (tag-11-ok)
45998.250 Chnl-1, SCP-1.0 (32/0), (13) tx: 6B 00 10 00 02 02 01 00 04 00
45998.250 > FE FF FF FF
45998.250 Command Status: Scp-1.0, (tag-12-ok)
45998.316 Command Status: Scp-1.0, (tag-13-ok)
45998.383 Chnl-1, SCP-1.0 (32/0), (0) rx: 6B 80 39 00 23 81 06 04 29 00 02 00 00 00
45998.383 > 6D 31 C1 6A 04 00 00 02 05 29 03 C4 05 FF FF FF FF D9 00 C4 01 00 00 00 00 52 00 FF FF 00 00 00 00 00 00
45998.383 . 00 00 00 00 00 00
45998.383 Chnl-1, SCP-1.0 (32/0), (14) tx: 6B 00 2D 00 01 09 23 00 21 00
45998.383 > 18 01 02 03 04 05 06 07 08 09 0A 0B 0C 0D 0E 0F 14 15 16 17 18 1A 1B 21 23 00 00 00 00 00 00 00 00
45998.383 Oct 03 23:46:37 SCP-1:2 SIO COMM-0, 2:5 Sts=03, Mdl=196.5, sn=-1, h/w=217.0, ProdId=196.1, OEM=-1, Boot=0.0.0, Ldr=0.0.0, App=0.5.2 Encryption = None, Key Status = Not Loaded to EP, HW Comp: 0
45998.450 Chnl-1, SCP-1.0 (32/0), (14) rx: 6B 80 2D 01 21 91 23 00 21 01
45998.450 > 18 01 60 EA 00 01 00 00 1A 00 02 00 01 00 00 01 00 10 00 03 FF 00 00 FF 00 00 04 00 04 28 00 00 28 00 00
45998.450 . 9C 4A 05 21 00 00 21 00 00 30 0B 06 67 02 00 67 02 00 20 00 07 84 01 00 84 01 00 1C 00 08 40 00 00 40 00
45998.450 . 00 20 09 09 00 7D 00 00 7D 00 40 00 0A 00 04 00 00 04 00 28 00 0B 00 04 00 00 04 00 04 00 0C 80 00 00 80
45998.450 . 00 00 04 01 0D 80 00 00 80 00 00 28 00 0E 00 01 00 00 01 00 80 00 0F A0 86 01 00 00 00 78 00 14 07 00 00
45998.450 . 32 0D 00 00 02 15 00 00 00 B4 01 00 09 00 16 00 00 00 03 00 00 05 00 17 00 00 60 A7 CE 2C 00 00 C8 00 00
45998.450 . 00 00 E5 48 01 00 1A 00 01 00 00 01 00 C4 00 1B 00 00 10 00 00 00 00 00 21 0A 00 00 00 00 00 00 00 23 00
45998.450 . 00 00 00 00 00 00 00 00 00 00 00 00 00 00 00 00 00 00 00 00 00 00 00 00 00 00 00 00 00 00 00 00 00 00 00
45998.450 . 00 00 00 00 00 00 00 00 00 00 00 00 00 00 00 00 00 00 00 00 00 00 00 00 00 00 00 00 00 00 00 00 00 00 00
45998.450 . 00 00 00 00 00 00 00 00 00
45998.450 Command Status: Scp-1.0, (tag-14-ok)
45998.450 ConfigRead: 0020 SCP-1, Number of Items Sent: 24
45998.450    StructId-01, nRecords=60000, nRecSize=026, nActive=00001
45998.450    StructId-02, nRecords=00256, nRecSize=016, nActive=00256
45998.450    StructId-03, nRecords=00255, nRecSize=004, nActive=00255
45998.450    StructId-04, nRecords=00040, nRecSize=19100, nActive=00040
45998.451    StructId-05, nRecords=00033, nRecSize=2864, nActive=00033
45998.451    StructId-06, nRecords=00615, nRecSize=032, nActive=00615
45998.451    StructId-07, nRecords=00388, nRecSize=028, nActive=00388
45998.451    StructId-08, nRecords=00064, nRecSize=2336, nActive=00064
45998.451    StructId-09, nRecords=32000, nRecSize=064, nActive=32000
45998.451    StructId-10, nRecords=01024, nRecSize=040, nActive=01024
45998.451    StructId-11, nRecords=01024, nRecSize=004, nActive=01024
45998.451    StructId-12, nRecords=00128, nRecSize=260, nActive=00128
45998.451    StructId-13, nRecords=00128, nRecSize=040, nActive=00128
45998.451    StructId-14, nRecords=00256, nRecSize=128, nActive=00256
45998.451    StructId-15, nRecords=100000, nRecSize=120, nActive=00000
45998.451    StructId-20, nRecords=00007, nRecSize=512, nActive=03378
45998.451    StructId-21, nRecords=00000, nRecSize=009, nActive=00436
45998.451    StructId-22, nRecords=00000, nRecSize=005, nActive=00003
45998.451    StructId-23, nRecords=6291456, nRecSize=000, nActive=2936487
45998.451    StructId-24, nRecords=16777216, nRecSize=000, nActive=4777216
45998.451    StructId-26, nRecords=00256, nRecSize=196, nActive=00256
45998.451    StructId-27, nRecords=1048576, nRecSize=000, nActive=00000
45998.451    StructId-33, nRecords=00010, nRecSize=000, nActive=00000
45998.451    StructId-35, nRecords=00000, nRecSize=000, nActive=00000
45998.462 1(15), enCcMsp1: 0108 0 1 1 1 0 0 0 0
45998.462 1(15), enCcMsp1: 0108 0 1 2 2 0 0 0 0
45998.473 1(16), enCcScpTimezoneExAct: 3103 0 1 1 1 0 0 0 ""
45998.473 1(16), enCcScpTimezoneExAct: 3103 0 1 2 0 0 0 0 ""
45998.516 Chnl-1, SCP-1.0 (32/0), (15) tx: 6B 00 1E 00 03 03 01 00 09 00
45998.516 > 01 01 00 00 5A 00 02 00 00
45998.516 > 02 02 00 00 5A 00 02 00 00
45998.583 Chnl-1, SCP-1.0 (32/0), (16) tx: 6B 00 22 00 01 06 1C 00 0B 00
45998.583 > 01 01 00 00 00 00 00 00 00 00 00
45998.583 > 02 00 00 00 00 00 00 00 00 00 00
45998.583 Command Status: Scp-1.0, (tag-15-ok)
45998.650 Command Status: Scp-1.0, (tag-16-ok)
45999.377 Chnl-1, SCP-1.0 (32/0), (0) rx: 6B 80 2C 00 23 81 06 04 1C 00 03 00 00 00
45999.377 > 6F 31 C1 6A 0F 02 00 0C 01 0E 00 00 00 00 6F 31 C1 6A 0F 01 00 0C 02 0E 00 00 00 00
45999.377 Oct 03 23:46:39 SCP-1:3 TIMEZONE-2, 12:1 Activations = 0
45999.377 Oct 03 23:46:39 SCP-1:4 TIMEZONE-1, 12:2 Activations = 0
46011.716 1(17), enCcTranSrq: 0402 1
46011.722 Chnl-1, SCP-1.0 (32/0), (17) tx: 6B 00 0C 00 01 01 06 00 00 00
46011.782 Chnl-1, SCP-1.0 (32/0), (17) rx: 6B 80 1D 00 21 81 05 00 11 00
46011.782 > 60 EA 00 00 01 00 00 00 04 00 00 00 04 00 00 00 00
46011.782 Command Status: Scp-1.0, (tag-17-ok)
46014.230 1(18), enCcSioSrq: 0404 1 1 1
46014.266 Chnl-1, SCP-1.0 (32/0), (18) tx: 6B 00 10 00 03 09 02 00 04 00
46014.266 > 01 00 01 00
46014.317 Chnl-1, SCP-1.0 (32/0), (18) rx: 6B 80 6B 00 23 91 02 02 5D 00 01 00
46014.317 > 01 00 00 00 00 00 08 08 00 00 00 00 00 00 00 00 00 00 00 00 00 00 00 00 00 00 00 00 00 00 00 00 00 00 00
46014.317 . 00 00 00 00 00 00 00 00 00 00 00 00 00 00 00 00 00 00 00 00 00 00 00 00 00 00 00 00 00 00 00 00 00 00 00
46014.317 . 00 00 00 00 00 00 00 00 00 00 00 00 00 00 00 00 00 00 00 00 00 00 00
46014.317 Command Status: Scp-1.0, (tag-18-ok)
46061.564 Chnl-1, SCP-1.0 (32/0), (0) rx: 6B 80 1B 00 22 81 06 04 0B 00 05 00 00 00
46061.564 > AD 31 C1 6A 00 00 00 01 06 0B 00
46061.564 Oct 03 23:47:41 SCP-1:5 SCP DIAGNOSTICS-0, 1:6 error code = 0, Autosave complete (Cards)
46070.033 Chnl-1, SCP-1.0 (32/0), (0) rx: 6B 80 1B 00 22 81 06 04 0B 00 06 00 00 00
46070.033 > B5 31 C1 6A 00 00 00 01 05 0B 00
46070.033 Oct 03 23:47:49 SCP-1:6 SCP DIAGNOSTICS-0, 1:5 error code = 0, Autosave complete (config)
46325.123 1(19), enCcTranSrq: 0402 1
46325.139 Chnl-1, SCP-1.0 (32/0), (19) tx: 6B 00 0C 00 03 01 06 00 00 00
46325.203 Chnl-1, SCP-1.0 (32/0), (19) rx: 6B 80 1D 00 23 81 05 00 11 00
46325.203 > 60 EA 00 00 01 00 00 00 06 00 00 00 06 00 00 00 00
46325.203 Command Status: Scp-1.0, (tag-19-ok)
46328.053 1(20), enCcSioSrq: 0404 1 1 1
46328.056 Chnl-1, SCP-1.0 (32/0), (20) tx: 6B 00 10 00 02 09 02 00 04 00
46328.056 > 01 00 01 00
46328.107 Chnl-1, SCP-1.0 (32/0), (20) rx: 6B 80 6B 00 22 91 02 02 5D 00 01 00
46328.107 > 01 00 00 00 00 00 08 08 00 00 00 00 00 00 00 00 00 00 00 00 00 00 00 00 00 00 00 00 00 00 00 00 00 00 00
46328.107 . 00 00 00 00 00 00 00 00 00 00 00 00 00 00 00 00 00 00 00 00 00 00 00 00 00 00 00 00 00 00 00 00 00 00 00
46328.107 . 00 00 00 00 00 00 00 00 00 00 00 00 00 00 00 00 00 00 00 00 00 00 00
46328.107 Command Status: Scp-1.0, (tag-20-ok)
46568.158 Shutting down debug Thread...
File closed Sat Oct  3 23:56:08 2026
